Doughnuts? I told you I don't like ethnic food,Mr. Burns,https://cdn.glitch.com/3c3ffadc-3406-4440-bb95-d40ec8fcde72%2FMrBurns.png?1497567512188,Right
Doughnuts? I told you I don't like ethnic food,Mr. Burns,https://cdn.glitch.com/3c3ffadc-3406-4440-bb95-d40ec8fcde72%2FMrBurns.png?1497567512188,Right
Can't we have one meeting that doesn't end with us digging up a corpse?,Mayor Quimby,https://cdn.glitch.com/3c3ffadc-3406-4440-bb95-d40ec8fcde72%2FMayorQuimby.png?1497627527799,Left
Doughnuts? I told you I don't like ethnic food,Mr. Burns,https://cdn.glitch.com/3c3ffadc-3406-4440-bb95-d40ec8fcde72%2FMrBurns.png?1497567512188,Right
Can't we have one meeting that doesn't end with us digging up a corpse?,Mayor Quimby,https://cdn.glitch.com/3c3ffadc-3406-4440-bb95-d40ec8fcde72%2FMayorQuimby.png?1497627527799,Left
"Last night's 'Itchy and Scratchy' was, without a doubt, the worst episode ever. Rest assured that I was on the Internet within minutes, registering my disgust throughout the world.",Comic Book Guy,https://cdn.glitch.com/3c3ffadc-3406-4440-bb95-d40ec8fcde72%2FComicBookGuy.png?1497567511970,Right
Doughnuts? I told you I don't like ethnic food,Mr. Burns,https://cdn.glitch.com/3c3ffadc-3406-4440-bb95-d40ec8fcde72%2FMrBurns.png?1497567512188,Right
Can't we have one meeting that doesn't end with us digging up a corpse?,Mayor Quimby,https://cdn.glitch.com/3c3ffadc-3406-4440-bb95-d40ec8fcde72%2FMayorQuimby.png?1497627527799,Left
"Last night's 'Itchy and Scratchy' was, without a doubt, the worst episode ever. Rest assured that I was on the Internet within minutes, registering my disgust throughout the world.",Comic Book Guy,https://cdn.glitch.com/3c3ffadc-3406-4440-bb95-d40ec8fcde72%2FComicBookGuy.png?1497567511970,Right
"Shoplifting is a victimless crime, like punching someone in the dark.",Nelson Muntz,https://cdn.glitch.com/3c3ffadc-3406-4440-bb95-d40ec8fcde72%2FNelsonMuntz.png?1497567511185,Left
Doughnuts? I told you I don't like ethnic food,Mr. Burns,https://cdn.glitch.com/3c3ffadc-3406-4440-bb95-d40ec8fcde72%2FMrBurns.png?1497567512188,Right
Can't we have one meeting that doesn't end with us digging up a corpse?,Mayor Quimby,https://cdn.glitch.com/3c3ffadc-3406-4440-bb95-d40ec8fcde72%2FMayorQuimby.png?1497627527799,Left
"Last night's 'Itchy and Scratchy' was, without a doubt, the worst episode ever. Rest assured that I was on the Internet within minutes, registering my disgust throughout the world.",Comic Book Guy,https://cdn.glitch.com/3c3ffadc-3406-4440-bb95-d40ec8fcde72%2FComicBookGuy.png?1497567511970,Right
"Shoplifting is a victimless crime, like punching someone in the dark.",Nelson Muntz,https://cdn.glitch.com/3c3ffadc-3406-4440-bb95-d40ec8fcde72%2FNelsonMuntz.png?1497567511185,Left
"Last night's 'Itchy and Scratchy' was, without a doubt, the worst episode ever. Rest assured that I was on the Internet within minutes, registering my disgust throughout the world.",Comic Book Guy,https://cdn.glitch.com/3c3ffadc-3406-4440-bb95-d40ec8fcde72%2FComicBookGuy.png?1497567511970,Right
Doughnuts? I told you I don't like ethnic food,Mr. Burns,https://cdn.glitch.com/3c3ffadc-3406-4440-bb95-d40ec8fcde72%2FMrBurns.png?1497567512188,Right
Can't we have one meeting that doesn't end with us digging up a corpse?,Mayor Quimby,https://cdn.glitch.com/3c3ffadc-3406-4440-bb95-d40ec8fcde72%2FMayorQuimby.png?1497627527799,Left
"Last night's 'Itchy and Scratchy' was, without a doubt, the worst episode ever. Rest assured that I was on the Internet within minutes, registering my disgust throughout the world.",Comic Book Guy,https://cdn.glitch.com/3c3ffadc-3406-4440-bb95-d40ec8fcde72%2FComicBookGuy.png?1497567511970,Right
"Shoplifting is a victimless crime, like punching someone in the dark.",Nelson Muntz,https://cdn.glitch.com/3c3ffadc-3406-4440-bb95-d40ec8fcde72%2FNelsonMuntz.png?1497567511185,Left
"Last night's 'Itchy and Scratchy' was, without a doubt, the worst episode ever. Rest assured that I was on the Internet within minutes, registering my disgust throughout the world.",Comic Book Guy,https://cdn.glitch.com/3c3ffadc-3406-4440-bb95-d40ec8fcde72%2FComicBookGuy.png?1497567511970,Right
Can't we have one meeting that doesn't end with us digging up a corpse?,Mayor Quimby,https://cdn.glitch.com/3c3ffadc-3406-4440-bb95-d40ec8fcde72%2FMayorQuimby.png?1497627527799,Left
Doughnuts? I told you I don't like ethnic food,Mr. Burns,https://cdn.glitch.com/3c3ffadc-3406-4440-bb95-d40ec8fcde72%2FMrBurns.png?1497567512188,Right
Can't we have one meeting that doesn't end with us digging up a corpse?,Mayor Quimby,https://cdn.glitch.com/3c3ffadc-3406-4440-bb95-d40ec8fcde72%2FMayorQuimby.png?1497627527799,Left
"Last night's 'Itchy and Scratchy' was, without a doubt, the worst episode ever. Rest assured that I was on the Internet within minutes, registering my disgust throughout the world.",Comic Book Guy,https://cdn.glitch.com/3c3ffadc-3406-4440-bb95-d40ec8fcde72%2FComicBookGuy.png?1497567511970,Right
"Shoplifting is a victimless crime, like punching someone in the dark.",Nelson Muntz,https://cdn.glitch.com/3c3ffadc-3406-4440-bb95-d40ec8fcde72%2FNelsonMuntz.png?1497567511185,Left
"Last night's 'Itchy and Scratchy' was, without a doubt, the worst episode ever. Rest assured that I was on the Internet within minutes, registering my disgust throughout the world.",Comic Book Guy,https://cdn.glitch.com/3c3ffadc-3406-4440-bb95-d40ec8fcde72%2FComicBookGuy.png?1497567511970,Right
Can't we have one meeting that doesn't end with us digging up a corpse?,Mayor Quimby,https://cdn.glitch.com/3c3ffadc-3406-4440-bb95-d40ec8fcde72%2FMayorQuimby.png?1497627527799,Left
When I look at people I don't see colors; I just see crackpot religions.,Chief Wiggum,https://cdn.glitch.com/3c3ffadc-3406-4440-bb95-d40ec8fcde72%2FChiefWiggum.png?1497567511716,Left
Doughnuts? I told you I don't like ethnic food,Mr. Burns,https://cdn.glitch.com/3c3ffadc-3406-4440-bb95-d40ec8fcde72%2FMrBurns.png?1497567512188,Right
Can't we have one meeting that doesn't end with us digging up a corpse?,Mayor Quimby,https://cdn.glitch.com/3c3ffadc-3406-4440-bb95-d40ec8fcde72%2FMayorQuimby.png?1497627527799,Left
"Last night's 'Itchy and Scratchy' was, without a doubt, the worst episode ever. Rest assured that I was on the Internet within minutes, registering my disgust throughout the world.",Comic Book Guy,https://cdn.glitch.com/3c3ffadc-3406-4440-bb95-d40ec8fcde72%2FComicBookGuy.png?1497567511970,Right
"Shoplifting is a victimless crime, like punching someone in the dark.",Nelson Muntz,https://cdn.glitch.com/3c3ffadc-3406-4440-bb95-d40ec8fcde72%2FNelsonMuntz.png?1497567511185,Left
"Last night's 'Itchy and Scratchy' was, without a doubt, the worst episode ever. Rest assured that I was on the Internet within minutes, registering my disgust throughout the world.",Comic Book Guy,https://cdn.glitch.com/3c3ffadc-3406-4440-bb95-d40ec8fcde72%2FComicBookGuy.png?1497567511970,Right
Can't we have one meeting that doesn't end with us digging up a corpse?,Mayor Quimby,https://cdn.glitch.com/3c3ffadc-3406-4440-bb95-d40ec8fcde72%2FMayorQuimby.png?1497627527799,Left
When I look at people I don't see colors; I just see crackpot religions.,Chief Wiggum,https://cdn.glitch.com/3c3ffadc-3406-4440-bb95-d40ec8fcde72%2FChiefWiggum.png?1497567511716,Left
I think women and seamen don't mix,Waylon Smithers,https://cdn.glitch.com/3c3ffadc-3406-4440-bb95-d40ec8fcde72%2FWaylonSmithers.png?1497567511840,Left
Doughnuts? I told you I don't like ethnic food,Mr. Burns,https://cdn.glitch.com/3c3ffadc-3406-4440-bb95-d40ec8fcde72%2FMrBurns.png?1497567512188,Right
Can't we have one meeting that doesn't end with us digging up a corpse?,Mayor Quimby,https://cdn.glitch.com/3c3ffadc-3406-4440-bb95-d40ec8fcde72%2FMayorQuimby.png?1497627527799,Left
"Last night's 'Itchy and Scratchy' was, without a doubt, the worst episode ever. Rest assured that I was on the Internet within minutes, registering my disgust throughout the world.",Comic Book Guy,https://cdn.glitch.com/3c3ffadc-3406-4440-bb95-d40ec8fcde72%2FComicBookGuy.png?1497567511970,Right
"Shoplifting is a victimless crime, like punching someone in the dark.",Nelson Muntz,https://cdn.glitch.com/3c3ffadc-3406-4440-bb95-d40ec8fcde72%2FNelsonMuntz.png?1497567511185,Left
"Last night's 'Itchy and Scratchy' was, without a doubt, the worst episode ever. Rest assured that I was on the Internet within minutes, registering my disgust throughout the world.",Comic Book Guy,https://cdn.glitch.com/3c3ffadc-3406-4440-bb95-d40ec8fcde72%2FComicBookGuy.png?1497567511970,Right
Can't we have one meeting that doesn't end with us digging up a corpse?,Mayor Quimby,https://cdn.glitch.com/3c3ffadc-3406-4440-bb95-d40ec8fcde72%2FMayorQuimby.png?1497627527799,Left
When I look at people I don't see colors; I just see crackpot religions.,Chief Wiggum,https://cdn.glitch.com/3c3ffadc-3406-4440-bb95-d40ec8fcde72%2FChiefWiggum.png?1497567511716,Left
I think women and seamen don't mix,Waylon Smithers,https://cdn.glitch.com/3c3ffadc-3406-4440-bb95-d40ec8fcde72%2FWaylonSmithers.png?1497567511840,Left
Oh Yeah!,Duffman,https://cdn.glitch.com/3c3ffadc-3406-4440-bb95-d40ec8fcde72%2FDuffman.png?1497567511709,Left
Doughnuts? I told you I don't like ethnic food,Mr. Burns,https://cdn.glitch.com/3c3ffadc-3406-4440-bb95-d40ec8fcde72%2FMrBurns.png?1497567512188,Right
Can't we have one meeting that doesn't end with us digging up a corpse?,Mayor Quimby,https://cdn.glitch.com/3c3ffadc-3406-4440-bb95-d40ec8fcde72%2FMayorQuimby.png?1497627527799,Left
"Last night's 'Itchy and Scratchy' was, without a doubt, the worst episode ever. Rest assured that I was on the Internet within minutes, registering my disgust throughout the world.",Comic Book Guy,https://cdn.glitch.com/3c3ffadc-3406-4440-bb95-d40ec8fcde72%2FComicBookGuy.png?1497567511970,Right
"Shoplifting is a victimless crime, like punching someone in the dark.",Nelson Muntz,https://cdn.glitch.com/3c3ffadc-3406-4440-bb95-d40ec8fcde72%2FNelsonMuntz.png?1497567511185,Left
"Last night's 'Itchy and Scratchy' was, without a doubt, the worst episode ever. Rest assured that I was on the Internet within minutes, registering my disgust throughout the world.",Comic Book Guy,https://cdn.glitch.com/3c3ffadc-3406-4440-bb95-d40ec8fcde72%2FComicBookGuy.png?1497567511970,Right
Can't we have one meeting that doesn't end with us digging up a corpse?,Mayor Quimby,https://cdn.glitch.com/3c3ffadc-3406-4440-bb95-d40ec8fcde72%2FMayorQuimby.png?1497627527799,Left
When I look at people I don't see colors; I just see crackpot religions.,Chief Wiggum,https://cdn.glitch.com/3c3ffadc-3406-4440-bb95-d40ec8fcde72%2FChiefWiggum.png?1497567511716,Left
I think women and seamen don't mix,Waylon Smithers,https://cdn.glitch.com/3c3ffadc-3406-4440-bb95-d40ec8fcde72%2FWaylonSmithers.png?1497567511840,Left
Oh Yeah!,Duffman,https://cdn.glitch.com/3c3ffadc-3406-4440-bb95-d40ec8fcde72%2FDuffman.png?1497567511709,Left
I think women and seamen don't mix,Waylon Smithers,https://cdn.glitch.com/3c3ffadc-3406-4440-bb95-d40ec8fcde72%2FWaylonSmithers.png?1497567511840,Left
Doughnuts? I told you I don't like ethnic food,Mr. Burns,https://cdn.glitch.com/3c3ffadc-3406-4440-bb95-d40ec8fcde72%2FMrBurns.png?1497567512188,Right
Can't we have one meeting that doesn't end with us digging up a corpse?,Mayor Quimby,https://cdn.glitch.com/3c3ffadc-3406-4440-bb95-d40ec8fcde72%2FMayorQuimby.png?1497627527799,Left
"Last night's 'Itchy and Scratchy' was, without a doubt, the worst episode ever. Rest assured that I was on the Internet within minutes, registering my disgust throughout the world.",Comic Book Guy,https://cdn.glitch.com/3c3ffadc-3406-4440-bb95-d40ec8fcde72%2FComicBookGuy.png?1497567511970,Right
"Shoplifting is a victimless crime, like punching someone in the dark.",Nelson Muntz,https://cdn.glitch.com/3c3ffadc-3406-4440-bb95-d40ec8fcde72%2FNelsonMuntz.png?1497567511185,Left
"Last night's 'Itchy and Scratchy' was, without a doubt, the worst episode ever. Rest assured that I was on the Internet within minutes, registering my disgust throughout the world.",Comic Book Guy,https://cdn.glitch.com/3c3ffadc-3406-4440-bb95-d40ec8fcde72%2FComicBookGuy.png?1497567511970,Right
Can't we have one meeting that doesn't end with us digging up a corpse?,Mayor Quimby,https://cdn.glitch.com/3c3ffadc-3406-4440-bb95-d40ec8fcde72%2FMayorQuimby.png?1497627527799,Left
When I look at people I don't see colors; I just see crackpot religions.,Chief Wiggum,https://cdn.glitch.com/3c3ffadc-3406-4440-bb95-d40ec8fcde72%2FChiefWiggum.png?1497567511716,Left
I think women and seamen don't mix,Waylon Smithers,https://cdn.glitch.com/3c3ffadc-3406-4440-bb95-d40ec8fcde72%2FWaylonSmithers.png?1497567511840,Left
Oh Yeah!,Duffman,https://cdn.glitch.com/3c3ffadc-3406-4440-bb95-d40ec8fcde72%2FDuffman.png?1497567511709,Left
I think women and seamen don't mix,Waylon Smithers,https://cdn.glitch.com/3c3ffadc-3406-4440-bb95-d40ec8fcde72%2FWaylonSmithers.png?1497567511840,Left
I think women and seamen don't mix,Waylon Smithers,https://cdn.glitch.com/3c3ffadc-3406-4440-bb95-d40ec8fcde72%2FWaylonSmithers.png?1497567511840,Left
Doughnuts? I told you I don't like ethnic food,Mr. Burns,https://cdn.glitch.com/3c3ffadc-3406-4440-bb95-d40ec8fcde72%2FMrBurns.png?1497567512188,Right
Can't we have one meeting that doesn't end with us digging up a corpse?,Mayor Quimby,https://cdn.glitch.com/3c3ffadc-3406-4440-bb95-d40ec8fcde72%2FMayorQuimby.png?1497627527799,Left
"Last night's 'Itchy and Scratchy' was, without a doubt, the worst episode ever. Rest assured that I was on the Internet within minutes, registering my disgust throughout the world.",Comic Book Guy,https://cdn.glitch.com/3c3ffadc-3406-4440-bb95-d40ec8fcde72%2FComicBookGuy.png?1497567511970,Right
"Shoplifting is a victimless crime, like punching someone in the dark.",Nelson Muntz,https://cdn.glitch.com/3c3ffadc-3406-4440-bb95-d40ec8fcde72%2FNelsonMuntz.png?1497567511185,Left
"Last night's 'Itchy and Scratchy' was, without a doubt, the worst episode ever. Rest assured that I was on the Internet within minutes, registering my disgust throughout the world.",Comic Book Guy,https://cdn.glitch.com/3c3ffadc-3406-4440-bb95-d40ec8fcde72%2FComicBookGuy.png?1497567511970,Right
Can't we have one meeting that doesn't end with us digging up a corpse?,Mayor Quimby,https://cdn.glitch.com/3c3ffadc-3406-4440-bb95-d40ec8fcde72%2FMayorQuimby.png?1497627527799,Left
When I look at people I don't see colors; I just see crackpot religions.,Chief Wiggum,https://cdn.glitch.com/3c3ffadc-3406-4440-bb95-d40ec8fcde72%2FChiefWiggum.png?1497567511716,Left
I think women and seamen don't mix,Waylon Smithers,https://cdn.glitch.com/3c3ffadc-3406-4440-bb95-d40ec8fcde72%2FWaylonSmithers.png?1497567511840,Left
Oh Yeah!,Duffman,https://cdn.glitch.com/3c3ffadc-3406-4440-bb95-d40ec8fcde72%2FDuffman.png?1497567511709,Left
I think women and seamen don't mix,Waylon Smithers,https://cdn.glitch.com/3c3ffadc-3406-4440-bb95-d40ec8fcde72%2FWaylonSmithers.png?1497567511840,Left
I think women and seamen don't mix,Waylon Smithers,https://cdn.glitch.com/3c3ffadc-3406-4440-bb95-d40ec8fcde72%2FWaylonSmithers.png?1497567511840,Left
"Hi, Super Nintendo Chalmers!",Ralph Wiggum,https://cdn.glitch.com/3c3ffadc-3406-4440-bb95-d40ec8fcde72%2FRalphWiggum.png?1497567511523,Left
Doughnuts? I told you I don't like ethnic food,Mr. Burns,https://cdn.glitch.com/3c3ffadc-3406-4440-bb95-d40ec8fcde72%2FMrBurns.png?1497567512188,Right
Can't we have one meeting that doesn't end with us digging up a corpse?,Mayor Quimby,https://cdn.glitch.com/3c3ffadc-3406-4440-bb95-d40ec8fcde72%2FMayorQuimby.png?1497627527799,Left
"Last night's 'Itchy and Scratchy' was, without a doubt, the worst episode ever. Rest assured that I was on the Internet within minutes, registering my disgust throughout the world.",Comic Book Guy,https://cdn.glitch.com/3c3ffadc-3406-4440-bb95-d40ec8fcde72%2FComicBookGuy.png?1497567511970,Right
"Shoplifting is a victimless crime, like punching someone in the dark.",Nelson Muntz,https://cdn.glitch.com/3c3ffadc-3406-4440-bb95-d40ec8fcde72%2FNelsonMuntz.png?1497567511185,Left
"Last night's 'Itchy and Scratchy' was, without a doubt, the worst episode ever. Rest assured that I was on the Internet within minutes, registering my disgust throughout the world.",Comic Book Guy,https://cdn.glitch.com/3c3ffadc-3406-4440-bb95-d40ec8fcde72%2FComicBookGuy.png?1497567511970,Right
Can't we have one meeting that doesn't end with us digging up a corpse?,Mayor Quimby,https://cdn.glitch.com/3c3ffadc-3406-4440-bb95-d40ec8fcde72%2FMayorQuimby.png?1497627527799,Left
When I look at people I don't see colors; I just see crackpot religions.,Chief Wiggum,https://cdn.glitch.com/3c3ffadc-3406-4440-bb95-d40ec8fcde72%2FChiefWiggum.png?1497567511716,Left
I think women and seamen don't mix,Waylon Smithers,https://cdn.glitch.com/3c3ffadc-3406-4440-bb95-d40ec8fcde72%2FWaylonSmithers.png?1497567511840,Left
Oh Yeah!,Duffman,https://cdn.glitch.com/3c3ffadc-3406-4440-bb95-d40ec8fcde72%2FDuffman.png?1497567511709,Left
I think women and seamen don't mix,Waylon Smithers,https://cdn.glitch.com/3c3ffadc-3406-4440-bb95-d40ec8fcde72%2FWaylonSmithers.png?1497567511840,Left
I think women and seamen don't mix,Waylon Smithers,https://cdn.glitch.com/3c3ffadc-3406-4440-bb95-d40ec8fcde72%2FWaylonSmithers.png?1497567511840,Left
"Hi, Super Nintendo Chalmers!",Ralph Wiggum,https://cdn.glitch.com/3c3ffadc-3406-4440-bb95-d40ec8fcde72%2FRalphWiggum.png?1497567511523,Left
"Well, I'm better than dirt. Well, most kinds of dirt. I mean not that fancy store bought dirt. That stuffs loaded with nutrients. I.. I can't compete with that stuff.",Moe Szyslak,https://cdn.glitch.com/3c3ffadc-3406-4440-bb95-d40ec8fcde72%2FMoeSzyslak.png?1497567512411,Right
Doughnuts? I told you I don't like ethnic food,Mr. Burns,https://cdn.glitch.com/3c3ffadc-3406-4440-bb95-d40ec8fcde72%2FMrBurns.png?1497567512188,Right
Can't we have one meeting that doesn't end with us digging up a corpse?,Mayor Quimby,https://cdn.glitch.com/3c3ffadc-3406-4440-bb95-d40ec8fcde72%2FMayorQuimby.png?1497627527799,Left
"Last night's 'Itchy and Scratchy' was, without a doubt, the worst episode ever. Rest assured that I was on the Internet within minutes, registering my disgust throughout the world.",Comic Book Guy,https://cdn.glitch.com/3c3ffadc-3406-4440-bb95-d40ec8fcde72%2FComicBookGuy.png?1497567511970,Right
"Shoplifting is a victimless crime, like punching someone in the dark.",Nelson Muntz,https://cdn.glitch.com/3c3ffadc-3406-4440-bb95-d40ec8fcde72%2FNelsonMuntz.png?1497567511185,Left
"Last night's 'Itchy and Scratchy' was, without a doubt, the worst episode ever. Rest assured that I was on the Internet within minutes, registering my disgust throughout the world.",Comic Book Guy,https://cdn.glitch.com/3c3ffadc-3406-4440-bb95-d40ec8fcde72%2FComicBookGuy.png?1497567511970,Right
Can't we have one meeting that doesn't end with us digging up a corpse?,Mayor Quimby,https://cdn.glitch.com/3c3ffadc-3406-4440-bb95-d40ec8fcde72%2FMayorQuimby.png?1497627527799,Left
When I look at people I don't see colors; I just see crackpot religions.,Chief Wiggum,https://cdn.glitch.com/3c3ffadc-3406-4440-bb95-d40ec8fcde72%2FChiefWiggum.png?1497567511716,Left
I think women and seamen don't mix,Waylon Smithers,https://cdn.glitch.com/3c3ffadc-3406-4440-bb95-d40ec8fcde72%2FWaylonSmithers.png?1497567511840,Left
Oh Yeah!,Duffman,https://cdn.glitch.com/3c3ffadc-3406-4440-bb95-d40ec8fcde72%2FDuffman.png?1497567511709,Left
I think women and seamen don't mix,Waylon Smithers,https://cdn.glitch.com/3c3ffadc-3406-4440-bb95-d40ec8fcde72%2FWaylonSmithers.png?1497567511840,Left
I think women and seamen don't mix,Waylon Smithers,https://cdn.glitch.com/3c3ffadc-3406-4440-bb95-d40ec8fcde72%2FWaylonSmithers.png?1497567511840,Left
"Hi, Super Nintendo Chalmers!",Ralph Wiggum,https://cdn.glitch.com/3c3ffadc-3406-4440-bb95-d40ec8fcde72%2FRalphWiggum.png?1497567511523,Left
"Well, I'm better than dirt. Well, most kinds of dirt. I mean not that fancy store bought dirt. That stuffs loaded with nutrients. I.. I can't compete with that stuff.",Moe Szyslak,https://cdn.glitch.com/3c3ffadc-3406-4440-bb95-d40ec8fcde72%2FMoeSzyslak.png?1497567512411,Right
But my mom says I'm cool.,Milhouse Van Houten,https://cdn.glitch.com/3c3ffadc-3406-4440-bb95-d40ec8fcde72%2FMilhouseVanHouten.png?1497567513002,Right
Doughnuts? I told you I don't like ethnic food,Mr. Burns,https://cdn.glitch.com/3c3ffadc-3406-4440-bb95-d40ec8fcde72%2FMrBurns.png?1497567512188,Right
Can't we have one meeting that doesn't end with us digging up a corpse?,Mayor Quimby,https://cdn.glitch.com/3c3ffadc-3406-4440-bb95-d40ec8fcde72%2FMayorQuimby.png?1497627527799,Left
"Last night's 'Itchy and Scratchy' was, without a doubt, the worst episode ever. Rest assured that I was on the Internet within minutes, registering my disgust throughout the world.",Comic Book Guy,https://cdn.glitch.com/3c3ffadc-3406-4440-bb95-d40ec8fcde72%2FComicBookGuy.png?1497567511970,Right
"Shoplifting is a victimless crime, like punching someone in the dark.",Nelson Muntz,https://cdn.glitch.com/3c3ffadc-3406-4440-bb95-d40ec8fcde72%2FNelsonMuntz.png?1497567511185,Left
"Last night's 'Itchy and Scratchy' was, without a doubt, the worst episode ever. Rest assured that I was on the Internet within minutes, registering my disgust throughout the world.",Comic Book Guy,https://cdn.glitch.com/3c3ffadc-3406-4440-bb95-d40ec8fcde72%2FComicBookGuy.png?1497567511970,Right
Can't we have one meeting that doesn't end with us digging up a corpse?,Mayor Quimby,https://cdn.glitch.com/3c3ffadc-3406-4440-bb95-d40ec8fcde72%2FMayorQuimby.png?1497627527799,Left
When I look at people I don't see colors; I just see crackpot religions.,Chief Wiggum,https://cdn.glitch.com/3c3ffadc-3406-4440-bb95-d40ec8fcde72%2FChiefWiggum.png?1497567511716,Left
I think women and seamen don't mix,Waylon Smithers,https://cdn.glitch.com/3c3ffadc-3406-4440-bb95-d40ec8fcde72%2FWaylonSmithers.png?1497567511840,Left
Oh Yeah!,Duffman,https://cdn.glitch.com/3c3ffadc-3406-4440-bb95-d40ec8fcde72%2FDuffman.png?1497567511709,Left
I think women and seamen don't mix,Waylon Smithers,https://cdn.glitch.com/3c3ffadc-3406-4440-bb95-d40ec8fcde72%2FWaylonSmithers.png?1497567511840,Left
I think women and seamen don't mix,Waylon Smithers,https://cdn.glitch.com/3c3ffadc-3406-4440-bb95-d40ec8fcde72%2FWaylonSmithers.png?1497567511840,Left
"Hi, Super Nintendo Chalmers!",Ralph Wiggum,https://cdn.glitch.com/3c3ffadc-3406-4440-bb95-d40ec8fcde72%2FRalphWiggum.png?1497567511523,Left
"Well, I'm better than dirt. Well, most kinds of dirt. I mean not that fancy store bought dirt. That stuffs loaded with nutrients. I.. I can't compete with that stuff.",Moe Szyslak,https://cdn.glitch.com/3c3ffadc-3406-4440-bb95-d40ec8fcde72%2FMoeSzyslak.png?1497567512411,Right
But my mom says I'm cool.,Milhouse Van Houten,https://cdn.glitch.com/3c3ffadc-3406-4440-bb95-d40ec8fcde72%2FMilhouseVanHouten.png?1497567513002,Right
"I don't want to sound like a killjoy, but becuase this is not to my taste I don't think anyone else should be allowed to enjoy it.",Marge Simpson,https://cdn.glitch.com/3c3ffadc-3406-4440-bb95-d40ec8fcde72%2FMargeSimpson.png?1497567512205,Right
Doughnuts? I told you I don't like ethnic food,Mr. Burns,https://cdn.glitch.com/3c3ffadc-3406-4440-bb95-d40ec8fcde72%2FMrBurns.png?1497567512188,Right
Can't we have one meeting that doesn't end with us digging up a corpse?,Mayor Quimby,https://cdn.glitch.com/3c3ffadc-3406-4440-bb95-d40ec8fcde72%2FMayorQuimby.png?1497627527799,Left
"Last night's 'Itchy and Scratchy' was, without a doubt, the worst episode ever. Rest assured that I was on the Internet within minutes, registering my disgust throughout the world.",Comic Book Guy,https://cdn.glitch.com/3c3ffadc-3406-4440-bb95-d40ec8fcde72%2FComicBookGuy.png?1497567511970,Right
"Shoplifting is a victimless crime, like punching someone in the dark.",Nelson Muntz,https://cdn.glitch.com/3c3ffadc-3406-4440-bb95-d40ec8fcde72%2FNelsonMuntz.png?1497567511185,Left
"Last night's 'Itchy and Scratchy' was, without a doubt, the worst episode ever. Rest assured that I was on the Internet within minutes, registering my disgust throughout the world.",Comic Book Guy,https://cdn.glitch.com/3c3ffadc-3406-4440-bb95-d40ec8fcde72%2FComicBookGuy.png?1497567511970,Right
Can't we have one meeting that doesn't end with us digging up a corpse?,Mayor Quimby,https://cdn.glitch.com/3c3ffadc-3406-4440-bb95-d40ec8fcde72%2FMayorQuimby.png?1497627527799,Left
When I look at people I don't see colors; I just see crackpot religions.,Chief Wiggum,https://cdn.glitch.com/3c3ffadc-3406-4440-bb95-d40ec8fcde72%2FChiefWiggum.png?1497567511716,Left
I think women and seamen don't mix,Waylon Smithers,https://cdn.glitch.com/3c3ffadc-3406-4440-bb95-d40ec8fcde72%2FWaylonSmithers.png?1497567511840,Left
Oh Yeah!,Duffman,https://cdn.glitch.com/3c3ffadc-3406-4440-bb95-d40ec8fcde72%2FDuffman.png?1497567511709,Left
I think women and seamen don't mix,Waylon Smithers,https://cdn.glitch.com/3c3ffadc-3406-4440-bb95-d40ec8fcde72%2FWaylonSmithers.png?1497567511840,Left
I think women and seamen don't mix,Waylon Smithers,https://cdn.glitch.com/3c3ffadc-3406-4440-bb95-d40ec8fcde72%2FWaylonSmithers.png?1497567511840,Left
"Hi, Super Nintendo Chalmers!",Ralph Wiggum,https://cdn.glitch.com/3c3ffadc-3406-4440-bb95-d40ec8fcde72%2FRalphWiggum.png?1497567511523,Left
"Well, I'm better than dirt. Well, most kinds of dirt. I mean not that fancy store bought dirt. That stuffs loaded with nutrients. I.. I can't compete with that stuff.",Moe Szyslak,https://cdn.glitch.com/3c3ffadc-3406-4440-bb95-d40ec8fcde72%2FMoeSzyslak.png?1497567512411,Right
But my mom says I'm cool.,Milhouse Van Houten,https://cdn.glitch.com/3c3ffadc-3406-4440-bb95-d40ec8fcde72%2FMilhouseVanHouten.png?1497567513002,Right
"I don't want to sound like a killjoy, but becuase this is not to my taste I don't think anyone else should be allowed to enjoy it.",Marge Simpson,https://cdn.glitch.com/3c3ffadc-3406-4440-bb95-d40ec8fcde72%2FMargeSimpson.png?1497567512205,Right
Inflammable means flammable? What a country!,Dr. Nick,https://cdn.glitch.com/3c3ffadc-3406-4440-bb95-d40ec8fcde72%2FNickRiviera.png?1497567511084,Right
Doughnuts? I told you I don't like ethnic food,Mr. Burns,https://cdn.glitch.com/3c3ffadc-3406-4440-bb95-d40ec8fcde72%2FMrBurns.png?1497567512188,Right
Can't we have one meeting that doesn't end with us digging up a corpse?,Mayor Quimby,https://cdn.glitch.com/3c3ffadc-3406-4440-bb95-d40ec8fcde72%2FMayorQuimby.png?1497627527799,Left
"Last night's 'Itchy and Scratchy' was, without a doubt, the worst episode ever. Rest assured that I was on the Internet within minutes, registering my disgust throughout the world.",Comic Book Guy,https://cdn.glitch.com/3c3ffadc-3406-4440-bb95-d40ec8fcde72%2FComicBookGuy.png?1497567511970,Right
"Shoplifting is a victimless crime, like punching someone in the dark.",Nelson Muntz,https://cdn.glitch.com/3c3ffadc-3406-4440-bb95-d40ec8fcde72%2FNelsonMuntz.png?1497567511185,Left
"Last night's 'Itchy and Scratchy' was, without a doubt, the worst episode ever. Rest assured that I was on the Internet within minutes, registering my disgust throughout the world.",Comic Book Guy,https://cdn.glitch.com/3c3ffadc-3406-4440-bb95-d40ec8fcde72%2FComicBookGuy.png?1497567511970,Right
Can't we have one meeting that doesn't end with us digging up a corpse?,Mayor Quimby,https://cdn.glitch.com/3c3ffadc-3406-4440-bb95-d40ec8fcde72%2FMayorQuimby.png?1497627527799,Left
When I look at people I don't see colors; I just see crackpot religions.,Chief Wiggum,https://cdn.glitch.com/3c3ffadc-3406-4440-bb95-d40ec8fcde72%2FChiefWiggum.png?1497567511716,Left
I think women and seamen don't mix,Waylon Smithers,https://cdn.glitch.com/3c3ffadc-3406-4440-bb95-d40ec8fcde72%2FWaylonSmithers.png?1497567511840,Left
Oh Yeah!,Duffman,https://cdn.glitch.com/3c3ffadc-3406-4440-bb95-d40ec8fcde72%2FDuffman.png?1497567511709,Left
I think women and seamen don't mix,Waylon Smithers,https://cdn.glitch.com/3c3ffadc-3406-4440-bb95-d40ec8fcde72%2FWaylonSmithers.png?1497567511840,Left
I think women and seamen don't mix,Waylon Smithers,https://cdn.glitch.com/3c3ffadc-3406-4440-bb95-d40ec8fcde72%2FWaylonSmithers.png?1497567511840,Left
"Hi, Super Nintendo Chalmers!",Ralph Wiggum,https://cdn.glitch.com/3c3ffadc-3406-4440-bb95-d40ec8fcde72%2FRalphWiggum.png?1497567511523,Left
"Well, I'm better than dirt. Well, most kinds of dirt. I mean not that fancy store bought dirt. That stuffs loaded with nutrients. I.. I can't compete with that stuff.",Moe Szyslak,https://cdn.glitch.com/3c3ffadc-3406-4440-bb95-d40ec8fcde72%2FMoeSzyslak.png?1497567512411,Right
But my mom says I'm cool.,Milhouse Van Houten,https://cdn.glitch.com/3c3ffadc-3406-4440-bb95-d40ec8fcde72%2FMilhouseVanHouten.png?1497567513002,Right
"I don't want to sound like a killjoy, but becuase this is not to my taste I don't think anyone else should be allowed to enjoy it.",Marge Simpson,https://cdn.glitch.com/3c3ffadc-3406-4440-bb95-d40ec8fcde72%2FMargeSimpson.png?1497567512205,Right
Inflammable means flammable? What a country!,Dr. Nick,https://cdn.glitch.com/3c3ffadc-3406-4440-bb95-d40ec8fcde72%2FNickRiviera.png?1497567511084,Right
"I don't want to sound like a killjoy, but becuase this is not to my taste I don't think anyone else should be allowed to enjoy it.",Marge Simpson,https://cdn.glitch.com/3c3ffadc-3406-4440-bb95-d40ec8fcde72%2FMargeSimpson.png?1497567512205,Right
Doughnuts? I told you I don't like ethnic food,Mr. Burns,https://cdn.glitch.com/3c3ffadc-3406-4440-bb95-d40ec8fcde72%2FMrBurns.png?1497567512188,Right
Can't we have one meeting that doesn't end with us digging up a corpse?,Mayor Quimby,https://cdn.glitch.com/3c3ffadc-3406-4440-bb95-d40ec8fcde72%2FMayorQuimby.png?1497627527799,Left
"Last night's 'Itchy and Scratchy' was, without a doubt, the worst episode ever. Rest assured that I was on the Internet within minutes, registering my disgust throughout the world.",Comic Book Guy,https://cdn.glitch.com/3c3ffadc-3406-4440-bb95-d40ec8fcde72%2FComicBookGuy.png?1497567511970,Right
"Shoplifting is a victimless crime, like punching someone in the dark.",Nelson Muntz,https://cdn.glitch.com/3c3ffadc-3406-4440-bb95-d40ec8fcde72%2FNelsonMuntz.png?1497567511185,Left
"Last night's 'Itchy and Scratchy' was, without a doubt, the worst episode ever. Rest assured that I was on the Internet within minutes, registering my disgust throughout the world.",Comic Book Guy,https://cdn.glitch.com/3c3ffadc-3406-4440-bb95-d40ec8fcde72%2FComicBookGuy.png?1497567511970,Right
Can't we have one meeting that doesn't end with us digging up a corpse?,Mayor Quimby,https://cdn.glitch.com/3c3ffadc-3406-4440-bb95-d40ec8fcde72%2FMayorQuimby.png?1497627527799,Left
When I look at people I don't see colors; I just see crackpot religions.,Chief Wiggum,https://cdn.glitch.com/3c3ffadc-3406-4440-bb95-d40ec8fcde72%2FChiefWiggum.png?1497567511716,Left
I think women and seamen don't mix,Waylon Smithers,https://cdn.glitch.com/3c3ffadc-3406-4440-bb95-d40ec8fcde72%2FWaylonSmithers.png?1497567511840,Left
Oh Yeah!,Duffman,https://cdn.glitch.com/3c3ffadc-3406-4440-bb95-d40ec8fcde72%2FDuffman.png?1497567511709,Left
I think women and seamen don't mix,Waylon Smithers,https://cdn.glitch.com/3c3ffadc-3406-4440-bb95-d40ec8fcde72%2FWaylonSmithers.png?1497567511840,Left
I think women and seamen don't mix,Waylon Smithers,https://cdn.glitch.com/3c3ffadc-3406-4440-bb95-d40ec8fcde72%2FWaylonSmithers.png?1497567511840,Left
"Hi, Super Nintendo Chalmers!",Ralph Wiggum,https://cdn.glitch.com/3c3ffadc-3406-4440-bb95-d40ec8fcde72%2FRalphWiggum.png?1497567511523,Left
"Well, I'm better than dirt. Well, most kinds of dirt. I mean not that fancy store bought dirt. That stuffs loaded with nutrients. I.. I can't compete with that stuff.",Moe Szyslak,https://cdn.glitch.com/3c3ffadc-3406-4440-bb95-d40ec8fcde72%2FMoeSzyslak.png?1497567512411,Right
But my mom says I'm cool.,Milhouse Van Houten,https://cdn.glitch.com/3c3ffadc-3406-4440-bb95-d40ec8fcde72%2FMilhouseVanHouten.png?1497567513002,Right
"I don't want to sound like a killjoy, but becuase this is not to my taste I don't think anyone else should be allowed to enjoy it.",Marge Simpson,https://cdn.glitch.com/3c3ffadc-3406-4440-bb95-d40ec8fcde72%2FMargeSimpson.png?1497567512205,Right
Inflammable means flammable? What a country!,Dr. Nick,https://cdn.glitch.com/3c3ffadc-3406-4440-bb95-d40ec8fcde72%2FNickRiviera.png?1497567511084,Right
"I don't want to sound like a killjoy, but becuase this is not to my taste I don't think anyone else should be allowed to enjoy it.",Marge Simpson,https://cdn.glitch.com/3c3ffadc-3406-4440-bb95-d40ec8fcde72%2FMargeSimpson.png?1497567512205,Right
I'm sleeping in the bath tub.,Marge Simpson,https://cdn.glitch.com/3c3ffadc-3406-4440-bb95-d40ec8fcde72%2FMargeSimpson.png?1497567512205,Right
Doughnuts? I told you I don't like ethnic food,Mr. Burns,https://cdn.glitch.com/3c3ffadc-3406-4440-bb95-d40ec8fcde72%2FMrBurns.png?1497567512188,Right
Can't we have one meeting that doesn't end with us digging up a corpse?,Mayor Quimby,https://cdn.glitch.com/3c3ffadc-3406-4440-bb95-d40ec8fcde72%2FMayorQuimby.png?1497627527799,Left
"Last night's 'Itchy and Scratchy' was, without a doubt, the worst episode ever. Rest assured that I was on the Internet within minutes, registering my disgust throughout the world.",Comic Book Guy,https://cdn.glitch.com/3c3ffadc-3406-4440-bb95-d40ec8fcde72%2FComicBookGuy.png?1497567511970,Right
"Shoplifting is a victimless crime, like punching someone in the dark.",Nelson Muntz,https://cdn.glitch.com/3c3ffadc-3406-4440-bb95-d40ec8fcde72%2FNelsonMuntz.png?1497567511185,Left
"Last night's 'Itchy and Scratchy' was, without a doubt, the worst episode ever. Rest assured that I was on the Internet within minutes, registering my disgust throughout the world.",Comic Book Guy,https://cdn.glitch.com/3c3ffadc-3406-4440-bb95-d40ec8fcde72%2FComicBookGuy.png?1497567511970,Right
Can't we have one meeting that doesn't end with us digging up a corpse?,Mayor Quimby,https://cdn.glitch.com/3c3ffadc-3406-4440-bb95-d40ec8fcde72%2FMayorQuimby.png?1497627527799,Left
When I look at people I don't see colors; I just see crackpot religions.,Chief Wiggum,https://cdn.glitch.com/3c3ffadc-3406-4440-bb95-d40ec8fcde72%2FChiefWiggum.png?1497567511716,Left
I think women and seamen don't mix,Waylon Smithers,https://cdn.glitch.com/3c3ffadc-3406-4440-bb95-d40ec8fcde72%2FWaylonSmithers.png?1497567511840,Left
Oh Yeah!,Duffman,https://cdn.glitch.com/3c3ffadc-3406-4440-bb95-d40ec8fcde72%2FDuffman.png?1497567511709,Left
I think women and seamen don't mix,Waylon Smithers,https://cdn.glitch.com/3c3ffadc-3406-4440-bb95-d40ec8fcde72%2FWaylonSmithers.png?1497567511840,Left
I think women and seamen don't mix,Waylon Smithers,https://cdn.glitch.com/3c3ffadc-3406-4440-bb95-d40ec8fcde72%2FWaylonSmithers.png?1497567511840,Left
"Hi, Super Nintendo Chalmers!",Ralph Wiggum,https://cdn.glitch.com/3c3ffadc-3406-4440-bb95-d40ec8fcde72%2FRalphWiggum.png?1497567511523,Left
"Well, I'm better than dirt. Well, most kinds of dirt. I mean not that fancy store bought dirt. That stuffs loaded with nutrients. I.. I can't compete with that stuff.",Moe Szyslak,https://cdn.glitch.com/3c3ffadc-3406-4440-bb95-d40ec8fcde72%2FMoeSzyslak.png?1497567512411,Right
But my mom says I'm cool.,Milhouse Van Houten,https://cdn.glitch.com/3c3ffadc-3406-4440-bb95-d40ec8fcde72%2FMilhouseVanHouten.png?1497567513002,Right
"I don't want to sound like a killjoy, but becuase this is not to my taste I don't think anyone else should be allowed to enjoy it.",Marge Simpson,https://cdn.glitch.com/3c3ffadc-3406-4440-bb95-d40ec8fcde72%2FMargeSimpson.png?1497567512205,Right
Inflammable means flammable? What a country!,Dr. Nick,https://cdn.glitch.com/3c3ffadc-3406-4440-bb95-d40ec8fcde72%2FNickRiviera.png?1497567511084,Right
"I don't want to sound like a killjoy, but becuase this is not to my taste I don't think anyone else should be allowed to enjoy it.",Marge Simpson,https://cdn.glitch.com/3c3ffadc-3406-4440-bb95-d40ec8fcde72%2FMargeSimpson.png?1497567512205,Right
I'm sleeping in the bath tub.,Marge Simpson,https://cdn.glitch.com/3c3ffadc-3406-4440-bb95-d40ec8fcde72%2FMargeSimpson.png?1497567512205,Right
"Back in Edinburg, we had a coal miners strike. All we wanted were hats with a wee light on top. Then one day the mine collapsed. No one made it out alive, not even Willie!",Groundskeeper Willie,https://cdn.glitch.com/3c3ffadc-3406-4440-bb95-d40ec8fcde72%2FGroundskeeperWillie.png?1497567512063,Right
Doughnuts? I told you I don't like ethnic food,Mr. Burns,https://cdn.glitch.com/3c3ffadc-3406-4440-bb95-d40ec8fcde72%2FMrBurns.png?1497567512188,Right
Can't we have one meeting that doesn't end with us digging up a corpse?,Mayor Quimby,https://cdn.glitch.com/3c3ffadc-3406-4440-bb95-d40ec8fcde72%2FMayorQuimby.png?1497627527799,Left
"Last night's 'Itchy and Scratchy' was, without a doubt, the worst episode ever. Rest assured that I was on the Internet within minutes, registering my disgust throughout the world.",Comic Book Guy,https://cdn.glitch.com/3c3ffadc-3406-4440-bb95-d40ec8fcde72%2FComicBookGuy.png?1497567511970,Right
"Shoplifting is a victimless crime, like punching someone in the dark.",Nelson Muntz,https://cdn.glitch.com/3c3ffadc-3406-4440-bb95-d40ec8fcde72%2FNelsonMuntz.png?1497567511185,Left
"Last night's 'Itchy and Scratchy' was, without a doubt, the worst episode ever. Rest assured that I was on the Internet within minutes, registering my disgust throughout the world.",Comic Book Guy,https://cdn.glitch.com/3c3ffadc-3406-4440-bb95-d40ec8fcde72%2FComicBookGuy.png?1497567511970,Right
Can't we have one meeting that doesn't end with us digging up a corpse?,Mayor Quimby,https://cdn.glitch.com/3c3ffadc-3406-4440-bb95-d40ec8fcde72%2FMayorQuimby.png?1497627527799,Left
When I look at people I don't see colors; I just see crackpot religions.,Chief Wiggum,https://cdn.glitch.com/3c3ffadc-3406-4440-bb95-d40ec8fcde72%2FChiefWiggum.png?1497567511716,Left
I think women and seamen don't mix,Waylon Smithers,https://cdn.glitch.com/3c3ffadc-3406-4440-bb95-d40ec8fcde72%2FWaylonSmithers.png?1497567511840,Left
Oh Yeah!,Duffman,https://cdn.glitch.com/3c3ffadc-3406-4440-bb95-d40ec8fcde72%2FDuffman.png?1497567511709,Left
I think women and seamen don't mix,Waylon Smithers,https://cdn.glitch.com/3c3ffadc-3406-4440-bb95-d40ec8fcde72%2FWaylonSmithers.png?1497567511840,Left
I think women and seamen don't mix,Waylon Smithers,https://cdn.glitch.com/3c3ffadc-3406-4440-bb95-d40ec8fcde72%2FWaylonSmithers.png?1497567511840,Left
"Hi, Super Nintendo Chalmers!",Ralph Wiggum,https://cdn.glitch.com/3c3ffadc-3406-4440-bb95-d40ec8fcde72%2FRalphWiggum.png?1497567511523,Left
"Well, I'm better than dirt. Well, most kinds of dirt. I mean not that fancy store bought dirt. That stuffs loaded with nutrients. I.. I can't compete with that stuff.",Moe Szyslak,https://cdn.glitch.com/3c3ffadc-3406-4440-bb95-d40ec8fcde72%2FMoeSzyslak.png?1497567512411,Right
But my mom says I'm cool.,Milhouse Van Houten,https://cdn.glitch.com/3c3ffadc-3406-4440-bb95-d40ec8fcde72%2FMilhouseVanHouten.png?1497567513002,Right
"I don't want to sound like a killjoy, but becuase this is not to my taste I don't think anyone else should be allowed to enjoy it.",Marge Simpson,https://cdn.glitch.com/3c3ffadc-3406-4440-bb95-d40ec8fcde72%2FMargeSimpson.png?1497567512205,Right
Inflammable means flammable? What a country!,Dr. Nick,https://cdn.glitch.com/3c3ffadc-3406-4440-bb95-d40ec8fcde72%2FNickRiviera.png?1497567511084,Right
"I don't want to sound like a killjoy, but becuase this is not to my taste I don't think anyone else should be allowed to enjoy it.",Marge Simpson,https://cdn.glitch.com/3c3ffadc-3406-4440-bb95-d40ec8fcde72%2FMargeSimpson.png?1497567512205,Right
I'm sleeping in the bath tub.,Marge Simpson,https://cdn.glitch.com/3c3ffadc-3406-4440-bb95-d40ec8fcde72%2FMargeSimpson.png?1497567512205,Right
"Back in Edinburg, we had a coal miners strike. All we wanted were hats with a wee light on top. Then one day the mine collapsed. No one made it out alive, not even Willie!",Groundskeeper Willie,https://cdn.glitch.com/3c3ffadc-3406-4440-bb95-d40ec8fcde72%2FGroundskeeperWillie.png?1497567512063,Right
Doughnuts? I told you I don't like ethnic food,Mr. Burns,https://cdn.glitch.com/3c3ffadc-3406-4440-bb95-d40ec8fcde72%2FMrBurns.png?1497567512188,Right
Doughnuts? I told you I don't like ethnic food,Mr. Burns,https://cdn.glitch.com/3c3ffadc-3406-4440-bb95-d40ec8fcde72%2FMrBurns.png?1497567512188,Right
Can't we have one meeting that doesn't end with us digging up a corpse?,Mayor Quimby,https://cdn.glitch.com/3c3ffadc-3406-4440-bb95-d40ec8fcde72%2FMayorQuimby.png?1497627527799,Left
"Last night's 'Itchy and Scratchy' was, without a doubt, the worst episode ever. Rest assured that I was on the Internet within minutes, registering my disgust throughout the world.",Comic Book Guy,https://cdn.glitch.com/3c3ffadc-3406-4440-bb95-d40ec8fcde72%2FComicBookGuy.png?1497567511970,Right
"Shoplifting is a victimless crime, like punching someone in the dark.",Nelson Muntz,https://cdn.glitch.com/3c3ffadc-3406-4440-bb95-d40ec8fcde72%2FNelsonMuntz.png?1497567511185,Left
"Last night's 'Itchy and Scratchy' was, without a doubt, the worst episode ever. Rest assured that I was on the Internet within minutes, registering my disgust throughout the world.",Comic Book Guy,https://cdn.glitch.com/3c3ffadc-3406-4440-bb95-d40ec8fcde72%2FComicBookGuy.png?1497567511970,Right
Can't we have one meeting that doesn't end with us digging up a corpse?,Mayor Quimby,https://cdn.glitch.com/3c3ffadc-3406-4440-bb95-d40ec8fcde72%2FMayorQuimby.png?1497627527799,Left
When I look at people I don't see colors; I just see crackpot religions.,Chief Wiggum,https://cdn.glitch.com/3c3ffadc-3406-4440-bb95-d40ec8fcde72%2FChiefWiggum.png?1497567511716,Left
I think women and seamen don't mix,Waylon Smithers,https://cdn.glitch.com/3c3ffadc-3406-4440-bb95-d40ec8fcde72%2FWaylonSmithers.png?1497567511840,Left
Oh Yeah!,Duffman,https://cdn.glitch.com/3c3ffadc-3406-4440-bb95-d40ec8fcde72%2FDuffman.png?1497567511709,Left
I think women and seamen don't mix,Waylon Smithers,https://cdn.glitch.com/3c3ffadc-3406-4440-bb95-d40ec8fcde72%2FWaylonSmithers.png?1497567511840,Left
I think women and seamen don't mix,Waylon Smithers,https://cdn.glitch.com/3c3ffadc-3406-4440-bb95-d40ec8fcde72%2FWaylonSmithers.png?1497567511840,Left
"Hi, Super Nintendo Chalmers!",Ralph Wiggum,https://cdn.glitch.com/3c3ffadc-3406-4440-bb95-d40ec8fcde72%2FRalphWiggum.png?1497567511523,Left
"Well, I'm better than dirt. Well, most kinds of dirt. I mean not that fancy store bought dirt. That stuffs loaded with nutrients. I.. I can't compete with that stuff.",Moe Szyslak,https://cdn.glitch.com/3c3ffadc-3406-4440-bb95-d40ec8fcde72%2FMoeSzyslak.png?1497567512411,Right
But my mom says I'm cool.,Milhouse Van Houten,https://cdn.glitch.com/3c3ffadc-3406-4440-bb95-d40ec8fcde72%2FMilhouseVanHouten.png?1497567513002,Right
"I don't want to sound like a killjoy, but becuase this is not to my taste I don't think anyone else should be allowed to enjoy it.",Marge Simpson,https://cdn.glitch.com/3c3ffadc-3406-4440-bb95-d40ec8fcde72%2FMargeSimpson.png?1497567512205,Right
Inflammable means flammable? What a country!,Dr. Nick,https://cdn.glitch.com/3c3ffadc-3406-4440-bb95-d40ec8fcde72%2FNickRiviera.png?1497567511084,Right
"I don't want to sound like a killjoy, but becuase this is not to my taste I don't think anyone else should be allowed to enjoy it.",Marge Simpson,https://cdn.glitch.com/3c3ffadc-3406-4440-bb95-d40ec8fcde72%2FMargeSimpson.png?1497567512205,Right
I'm sleeping in the bath tub.,Marge Simpson,https://cdn.glitch.com/3c3ffadc-3406-4440-bb95-d40ec8fcde72%2FMargeSimpson.png?1497567512205,Right
"Back in Edinburg, we had a coal miners strike. All we wanted were hats with a wee light on top. Then one day the mine collapsed. No one made it out alive, not even Willie!",Groundskeeper Willie,https://cdn.glitch.com/3c3ffadc-3406-4440-bb95-d40ec8fcde72%2FGroundskeeperWillie.png?1497567512063,Right
Doughnuts? I told you I don't like ethnic food,Mr. Burns,https://cdn.glitch.com/3c3ffadc-3406-4440-bb95-d40ec8fcde72%2FMrBurns.png?1497567512188,Right
Ahh! Sweet liquor eases the pain.,Troy McClure,https://cdn.glitch.com/3c3ffadc-3406-4440-bb95-d40ec8fcde72%2FTroyMcClure.png?1497567511112,Right
Doughnuts? I told you I don't like ethnic food,Mr. Burns,https://cdn.glitch.com/3c3ffadc-3406-4440-bb95-d40ec8fcde72%2FMrBurns.png?1497567512188,Right
Can't we have one meeting that doesn't end with us digging up a corpse?,Mayor Quimby,https://cdn.glitch.com/3c3ffadc-3406-4440-bb95-d40ec8fcde72%2FMayorQuimby.png?1497627527799,Left
"Last night's 'Itchy and Scratchy' was, without a doubt, the worst episode ever. Rest assured that I was on the Internet within minutes, registering my disgust throughout the world.",Comic Book Guy,https://cdn.glitch.com/3c3ffadc-3406-4440-bb95-d40ec8fcde72%2FComicBookGuy.png?1497567511970,Right
"Shoplifting is a victimless crime, like punching someone in the dark.",Nelson Muntz,https://cdn.glitch.com/3c3ffadc-3406-4440-bb95-d40ec8fcde72%2FNelsonMuntz.png?1497567511185,Left
"Last night's 'Itchy and Scratchy' was, without a doubt, the worst episode ever. Rest assured that I was on the Internet within minutes, registering my disgust throughout the world.",Comic Book Guy,https://cdn.glitch.com/3c3ffadc-3406-4440-bb95-d40ec8fcde72%2FComicBookGuy.png?1497567511970,Right
Can't we have one meeting that doesn't end with us digging up a corpse?,Mayor Quimby,https://cdn.glitch.com/3c3ffadc-3406-4440-bb95-d40ec8fcde72%2FMayorQuimby.png?1497627527799,Left
When I look at people I don't see colors; I just see crackpot religions.,Chief Wiggum,https://cdn.glitch.com/3c3ffadc-3406-4440-bb95-d40ec8fcde72%2FChiefWiggum.png?1497567511716,Left
I think women and seamen don't mix,Waylon Smithers,https://cdn.glitch.com/3c3ffadc-3406-4440-bb95-d40ec8fcde72%2FWaylonSmithers.png?1497567511840,Left
Oh Yeah!,Duffman,https://cdn.glitch.com/3c3ffadc-3406-4440-bb95-d40ec8fcde72%2FDuffman.png?1497567511709,Left
I think women and seamen don't mix,Waylon Smithers,https://cdn.glitch.com/3c3ffadc-3406-4440-bb95-d40ec8fcde72%2FWaylonSmithers.png?1497567511840,Left
I think women and seamen don't mix,Waylon Smithers,https://cdn.glitch.com/3c3ffadc-3406-4440-bb95-d40ec8fcde72%2FWaylonSmithers.png?1497567511840,Left
"Hi, Super Nintendo Chalmers!",Ralph Wiggum,https://cdn.glitch.com/3c3ffadc-3406-4440-bb95-d40ec8fcde72%2FRalphWiggum.png?1497567511523,Left
"Well, I'm better than dirt. Well, most kinds of dirt. I mean not that fancy store bought dirt. That stuffs loaded with nutrients. I.. I can't compete with that stuff.",Moe Szyslak,https://cdn.glitch.com/3c3ffadc-3406-4440-bb95-d40ec8fcde72%2FMoeSzyslak.png?1497567512411,Right
But my mom says I'm cool.,Milhouse Van Houten,https://cdn.glitch.com/3c3ffadc-3406-4440-bb95-d40ec8fcde72%2FMilhouseVanHouten.png?1497567513002,Right
"I don't want to sound like a killjoy, but becuase this is not to my taste I don't think anyone else should be allowed to enjoy it.",Marge Simpson,https://cdn.glitch.com/3c3ffadc-3406-4440-bb95-d40ec8fcde72%2FMargeSimpson.png?1497567512205,Right
Inflammable means flammable? What a country!,Dr. Nick,https://cdn.glitch.com/3c3ffadc-3406-4440-bb95-d40ec8fcde72%2FNickRiviera.png?1497567511084,Right
"I don't want to sound like a killjoy, but becuase this is not to my taste I don't think anyone else should be allowed to enjoy it.",Marge Simpson,https://cdn.glitch.com/3c3ffadc-3406-4440-bb95-d40ec8fcde72%2FMargeSimpson.png?1497567512205,Right
I'm sleeping in the bath tub.,Marge Simpson,https://cdn.glitch.com/3c3ffadc-3406-4440-bb95-d40ec8fcde72%2FMargeSimpson.png?1497567512205,Right
"Back in Edinburg, we had a coal miners strike. All we wanted were hats with a wee light on top. Then one day the mine collapsed. No one made it out alive, not even Willie!",Groundskeeper Willie,https://cdn.glitch.com/3c3ffadc-3406-4440-bb95-d40ec8fcde72%2FGroundskeeperWillie.png?1497567512063,Right
Doughnuts? I told you I don't like ethnic food,Mr. Burns,https://cdn.glitch.com/3c3ffadc-3406-4440-bb95-d40ec8fcde72%2FMrBurns.png?1497567512188,Right
Ahh! Sweet liquor eases the pain.,Troy McClure,https://cdn.glitch.com/3c3ffadc-3406-4440-bb95-d40ec8fcde72%2FTroyMcClure.png?1497567511112,Right
I think women and seamen don't mix,Waylon Smithers,https://cdn.glitch.com/3c3ffadc-3406-4440-bb95-d40ec8fcde72%2FWaylonSmithers.png?1497567511840,Left
Doughnuts? I told you I don't like ethnic food,Mr. Burns,https://cdn.glitch.com/3c3ffadc-3406-4440-bb95-d40ec8fcde72%2FMrBurns.png?1497567512188,Right
Can't we have one meeting that doesn't end with us digging up a corpse?,Mayor Quimby,https://cdn.glitch.com/3c3ffadc-3406-4440-bb95-d40ec8fcde72%2FMayorQuimby.png?1497627527799,Left
"Last night's 'Itchy and Scratchy' was, without a doubt, the worst episode ever. Rest assured that I was on the Internet within minutes, registering my disgust throughout the world.",Comic Book Guy,https://cdn.glitch.com/3c3ffadc-3406-4440-bb95-d40ec8fcde72%2FComicBookGuy.png?1497567511970,Right
"Shoplifting is a victimless crime, like punching someone in the dark.",Nelson Muntz,https://cdn.glitch.com/3c3ffadc-3406-4440-bb95-d40ec8fcde72%2FNelsonMuntz.png?1497567511185,Left
"Last night's 'Itchy and Scratchy' was, without a doubt, the worst episode ever. Rest assured that I was on the Internet within minutes, registering my disgust throughout the world.",Comic Book Guy,https://cdn.glitch.com/3c3ffadc-3406-4440-bb95-d40ec8fcde72%2FComicBookGuy.png?1497567511970,Right
Can't we have one meeting that doesn't end with us digging up a corpse?,Mayor Quimby,https://cdn.glitch.com/3c3ffadc-3406-4440-bb95-d40ec8fcde72%2FMayorQuimby.png?1497627527799,Left
When I look at people I don't see colors; I just see crackpot religions.,Chief Wiggum,https://cdn.glitch.com/3c3ffadc-3406-4440-bb95-d40ec8fcde72%2FChiefWiggum.png?1497567511716,Left
I think women and seamen don't mix,Waylon Smithers,https://cdn.glitch.com/3c3ffadc-3406-4440-bb95-d40ec8fcde72%2FWaylonSmithers.png?1497567511840,Left
Oh Yeah!,Duffman,https://cdn.glitch.com/3c3ffadc-3406-4440-bb95-d40ec8fcde72%2FDuffman.png?1497567511709,Left
I think women and seamen don't mix,Waylon Smithers,https://cdn.glitch.com/3c3ffadc-3406-4440-bb95-d40ec8fcde72%2FWaylonSmithers.png?1497567511840,Left
I think women and seamen don't mix,Waylon Smithers,https://cdn.glitch.com/3c3ffadc-3406-4440-bb95-d40ec8fcde72%2FWaylonSmithers.png?1497567511840,Left
"Hi, Super Nintendo Chalmers!",Ralph Wiggum,https://cdn.glitch.com/3c3ffadc-3406-4440-bb95-d40ec8fcde72%2FRalphWiggum.png?1497567511523,Left
"Well, I'm better than dirt. Well, most kinds of dirt. I mean not that fancy store bought dirt. That stuffs loaded with nutrients. I.. I can't compete with that stuff.",Moe Szyslak,https://cdn.glitch.com/3c3ffadc-3406-4440-bb95-d40ec8fcde72%2FMoeSzyslak.png?1497567512411,Right
But my mom says I'm cool.,Milhouse Van Houten,https://cdn.glitch.com/3c3ffadc-3406-4440-bb95-d40ec8fcde72%2FMilhouseVanHouten.png?1497567513002,Right
"I don't want to sound like a killjoy, but becuase this is not to my taste I don't think anyone else should be allowed to enjoy it.",Marge Simpson,https://cdn.glitch.com/3c3ffadc-3406-4440-bb95-d40ec8fcde72%2FMargeSimpson.png?1497567512205,Right
Inflammable means flammable? What a country!,Dr. Nick,https://cdn.glitch.com/3c3ffadc-3406-4440-bb95-d40ec8fcde72%2FNickRiviera.png?1497567511084,Right
"I don't want to sound like a killjoy, but becuase this is not to my taste I don't think anyone else should be allowed to enjoy it.",Marge Simpson,https://cdn.glitch.com/3c3ffadc-3406-4440-bb95-d40ec8fcde72%2FMargeSimpson.png?1497567512205,Right
I'm sleeping in the bath tub.,Marge Simpson,https://cdn.glitch.com/3c3ffadc-3406-4440-bb95-d40ec8fcde72%2FMargeSimpson.png?1497567512205,Right
"Back in Edinburg, we had a coal miners strike. All we wanted were hats with a wee light on top. Then one day the mine collapsed. No one made it out alive, not even Willie!",Groundskeeper Willie,https://cdn.glitch.com/3c3ffadc-3406-4440-bb95-d40ec8fcde72%2FGroundskeeperWillie.png?1497567512063,Right
Doughnuts? I told you I don't like ethnic food,Mr. Burns,https://cdn.glitch.com/3c3ffadc-3406-4440-bb95-d40ec8fcde72%2FMrBurns.png?1497567512188,Right
Ahh! Sweet liquor eases the pain.,Troy McClure,https://cdn.glitch.com/3c3ffadc-3406-4440-bb95-d40ec8fcde72%2FTroyMcClure.png?1497567511112,Right
I think women and seamen don't mix,Waylon Smithers,https://cdn.glitch.com/3c3ffadc-3406-4440-bb95-d40ec8fcde72%2FWaylonSmithers.png?1497567511840,Left
Eat my shorts,Bart Simpson,https://cdn.glitch.com/3c3ffadc-3406-4440-bb95-d40ec8fcde72%2FBartSimpson.png?1497567511638,Right
Doughnuts? I told you I don't like ethnic food,Mr. Burns,https://cdn.glitch.com/3c3ffadc-3406-4440-bb95-d40ec8fcde72%2FMrBurns.png?1497567512188,Right
Can't we have one meeting that doesn't end with us digging up a corpse?,Mayor Quimby,https://cdn.glitch.com/3c3ffadc-3406-4440-bb95-d40ec8fcde72%2FMayorQuimby.png?1497627527799,Left
"Last night's 'Itchy and Scratchy' was, without a doubt, the worst episode ever. Rest assured that I was on the Internet within minutes, registering my disgust throughout the world.",Comic Book Guy,https://cdn.glitch.com/3c3ffadc-3406-4440-bb95-d40ec8fcde72%2FComicBookGuy.png?1497567511970,Right
"Shoplifting is a victimless crime, like punching someone in the dark.",Nelson Muntz,https://cdn.glitch.com/3c3ffadc-3406-4440-bb95-d40ec8fcde72%2FNelsonMuntz.png?1497567511185,Left
"Last night's 'Itchy and Scratchy' was, without a doubt, the worst episode ever. Rest assured that I was on the Internet within minutes, registering my disgust throughout the world.",Comic Book Guy,https://cdn.glitch.com/3c3ffadc-3406-4440-bb95-d40ec8fcde72%2FComicBookGuy.png?1497567511970,Right
Can't we have one meeting that doesn't end with us digging up a corpse?,Mayor Quimby,https://cdn.glitch.com/3c3ffadc-3406-4440-bb95-d40ec8fcde72%2FMayorQuimby.png?1497627527799,Left
When I look at people I don't see colors; I just see crackpot religions.,Chief Wiggum,https://cdn.glitch.com/3c3ffadc-3406-4440-bb95-d40ec8fcde72%2FChiefWiggum.png?1497567511716,Left
I think women and seamen don't mix,Waylon Smithers,https://cdn.glitch.com/3c3ffadc-3406-4440-bb95-d40ec8fcde72%2FWaylonSmithers.png?1497567511840,Left
Oh Yeah!,Duffman,https://cdn.glitch.com/3c3ffadc-3406-4440-bb95-d40ec8fcde72%2FDuffman.png?1497567511709,Left
I think women and seamen don't mix,Waylon Smithers,https://cdn.glitch.com/3c3ffadc-3406-4440-bb95-d40ec8fcde72%2FWaylonSmithers.png?1497567511840,Left
I think women and seamen don't mix,Waylon Smithers,https://cdn.glitch.com/3c3ffadc-3406-4440-bb95-d40ec8fcde72%2FWaylonSmithers.png?1497567511840,Left
"Hi, Super Nintendo Chalmers!",Ralph Wiggum,https://cdn.glitch.com/3c3ffadc-3406-4440-bb95-d40ec8fcde72%2FRalphWiggum.png?1497567511523,Left
"Well, I'm better than dirt. Well, most kinds of dirt. I mean not that fancy store bought dirt. That stuffs loaded with nutrients. I.. I can't compete with that stuff.",Moe Szyslak,https://cdn.glitch.com/3c3ffadc-3406-4440-bb95-d40ec8fcde72%2FMoeSzyslak.png?1497567512411,Right
But my mom says I'm cool.,Milhouse Van Houten,https://cdn.glitch.com/3c3ffadc-3406-4440-bb95-d40ec8fcde72%2FMilhouseVanHouten.png?1497567513002,Right
"I don't want to sound like a killjoy, but becuase this is not to my taste I don't think anyone else should be allowed to enjoy it.",Marge Simpson,https://cdn.glitch.com/3c3ffadc-3406-4440-bb95-d40ec8fcde72%2FMargeSimpson.png?1497567512205,Right
Inflammable means flammable? What a country!,Dr. Nick,https://cdn.glitch.com/3c3ffadc-3406-4440-bb95-d40ec8fcde72%2FNickRiviera.png?1497567511084,Right
"I don't want to sound like a killjoy, but becuase this is not to my taste I don't think anyone else should be allowed to enjoy it.",Marge Simpson,https://cdn.glitch.com/3c3ffadc-3406-4440-bb95-d40ec8fcde72%2FMargeSimpson.png?1497567512205,Right
I'm sleeping in the bath tub.,Marge Simpson,https://cdn.glitch.com/3c3ffadc-3406-4440-bb95-d40ec8fcde72%2FMargeSimpson.png?1497567512205,Right
"Back in Edinburg, we had a coal miners strike. All we wanted were hats with a wee light on top. Then one day the mine collapsed. No one made it out alive, not even Willie!",Groundskeeper Willie,https://cdn.glitch.com/3c3ffadc-3406-4440-bb95-d40ec8fcde72%2FGroundskeeperWillie.png?1497567512063,Right
Doughnuts? I told you I don't like ethnic food,Mr. Burns,https://cdn.glitch.com/3c3ffadc-3406-4440-bb95-d40ec8fcde72%2FMrBurns.png?1497567512188,Right
Ahh! Sweet liquor eases the pain.,Troy McClure,https://cdn.glitch.com/3c3ffadc-3406-4440-bb95-d40ec8fcde72%2FTroyMcClure.png?1497567511112,Right
I think women and seamen don't mix,Waylon Smithers,https://cdn.glitch.com/3c3ffadc-3406-4440-bb95-d40ec8fcde72%2FWaylonSmithers.png?1497567511840,Left
Eat my shorts,Bart Simpson,https://cdn.glitch.com/3c3ffadc-3406-4440-bb95-d40ec8fcde72%2FBartSimpson.png?1497567511638,Right
"Last night's 'Itchy and Scratchy' was, without a doubt, the worst episode ever. Rest assured that I was on the Internet within minutes, registering my disgust throughout the world.",Comic Book Guy,https://cdn.glitch.com/3c3ffadc-3406-4440-bb95-d40ec8fcde72%2FComicBookGuy.png?1497567511970,Right
Doughnuts? I told you I don't like ethnic food,Mr. Burns,https://cdn.glitch.com/3c3ffadc-3406-4440-bb95-d40ec8fcde72%2FMrBurns.png?1497567512188,Right
Can't we have one meeting that doesn't end with us digging up a corpse?,Mayor Quimby,https://cdn.glitch.com/3c3ffadc-3406-4440-bb95-d40ec8fcde72%2FMayorQuimby.png?1497627527799,Left
"Last night's 'Itchy and Scratchy' was, without a doubt, the worst episode ever. Rest assured that I was on the Internet within minutes, registering my disgust throughout the world.",Comic Book Guy,https://cdn.glitch.com/3c3ffadc-3406-4440-bb95-d40ec8fcde72%2FComicBookGuy.png?1497567511970,Right
"Shoplifting is a victimless crime, like punching someone in the dark.",Nelson Muntz,https://cdn.glitch.com/3c3ffadc-3406-4440-bb95-d40ec8fcde72%2FNelsonMuntz.png?1497567511185,Left
"Last night's 'Itchy and Scratchy' was, without a doubt, the worst episode ever. Rest assured that I was on the Internet within minutes, registering my disgust throughout the world.",Comic Book Guy,https://cdn.glitch.com/3c3ffadc-3406-4440-bb95-d40ec8fcde72%2FComicBookGuy.png?1497567511970,Right
Can't we have one meeting that doesn't end with us digging up a corpse?,Mayor Quimby,https://cdn.glitch.com/3c3ffadc-3406-4440-bb95-d40ec8fcde72%2FMayorQuimby.png?1497627527799,Left
When I look at people I don't see colors; I just see crackpot religions.,Chief Wiggum,https://cdn.glitch.com/3c3ffadc-3406-4440-bb95-d40ec8fcde72%2FChiefWiggum.png?1497567511716,Left
I think women and seamen don't mix,Waylon Smithers,https://cdn.glitch.com/3c3ffadc-3406-4440-bb95-d40ec8fcde72%2FWaylonSmithers.png?1497567511840,Left
Oh Yeah!,Duffman,https://cdn.glitch.com/3c3ffadc-3406-4440-bb95-d40ec8fcde72%2FDuffman.png?1497567511709,Left
I think women and seamen don't mix,Waylon Smithers,https://cdn.glitch.com/3c3ffadc-3406-4440-bb95-d40ec8fcde72%2FWaylonSmithers.png?1497567511840,Left
I think women and seamen don't mix,Waylon Smithers,https://cdn.glitch.com/3c3ffadc-3406-4440-bb95-d40ec8fcde72%2FWaylonSmithers.png?1497567511840,Left
"Hi, Super Nintendo Chalmers!",Ralph Wiggum,https://cdn.glitch.com/3c3ffadc-3406-4440-bb95-d40ec8fcde72%2FRalphWiggum.png?1497567511523,Left
"Well, I'm better than dirt. Well, most kinds of dirt. I mean not that fancy store bought dirt. That stuffs loaded with nutrients. I.. I can't compete with that stuff.",Moe Szyslak,https://cdn.glitch.com/3c3ffadc-3406-4440-bb95-d40ec8fcde72%2FMoeSzyslak.png?1497567512411,Right
But my mom says I'm cool.,Milhouse Van Houten,https://cdn.glitch.com/3c3ffadc-3406-4440-bb95-d40ec8fcde72%2FMilhouseVanHouten.png?1497567513002,Right
"I don't want to sound like a killjoy, but becuase this is not to my taste I don't think anyone else should be allowed to enjoy it.",Marge Simpson,https://cdn.glitch.com/3c3ffadc-3406-4440-bb95-d40ec8fcde72%2FMargeSimpson.png?1497567512205,Right
Inflammable means flammable? What a country!,Dr. Nick,https://cdn.glitch.com/3c3ffadc-3406-4440-bb95-d40ec8fcde72%2FNickRiviera.png?1497567511084,Right
"I don't want to sound like a killjoy, but becuase this is not to my taste I don't think anyone else should be allowed to enjoy it.",Marge Simpson,https://cdn.glitch.com/3c3ffadc-3406-4440-bb95-d40ec8fcde72%2FMargeSimpson.png?1497567512205,Right
I'm sleeping in the bath tub.,Marge Simpson,https://cdn.glitch.com/3c3ffadc-3406-4440-bb95-d40ec8fcde72%2FMargeSimpson.png?1497567512205,Right
"Back in Edinburg, we had a coal miners strike. All we wanted were hats with a wee light on top. Then one day the mine collapsed. No one made it out alive, not even Willie!",Groundskeeper Willie,https://cdn.glitch.com/3c3ffadc-3406-4440-bb95-d40ec8fcde72%2FGroundskeeperWillie.png?1497567512063,Right
Doughnuts? I told you I don't like ethnic food,Mr. Burns,https://cdn.glitch.com/3c3ffadc-3406-4440-bb95-d40ec8fcde72%2FMrBurns.png?1497567512188,Right
Ahh! Sweet liquor eases the pain.,Troy McClure,https://cdn.glitch.com/3c3ffadc-3406-4440-bb95-d40ec8fcde72%2FTroyMcClure.png?1497567511112,Right
I think women and seamen don't mix,Waylon Smithers,https://cdn.glitch.com/3c3ffadc-3406-4440-bb95-d40ec8fcde72%2FWaylonSmithers.png?1497567511840,Left
Eat my shorts,Bart Simpson,https://cdn.glitch.com/3c3ffadc-3406-4440-bb95-d40ec8fcde72%2FBartSimpson.png?1497567511638,Right
"Last night's 'Itchy and Scratchy' was, without a doubt, the worst episode ever. Rest assured that I was on the Internet within minutes, registering my disgust throughout the world.",Comic Book Guy,https://cdn.glitch.com/3c3ffadc-3406-4440-bb95-d40ec8fcde72%2FComicBookGuy.png?1497567511970,Right
Nothing you say can upset us. We're the MTV generation.,Bart Simpson,https://cdn.glitch.com/3c3ffadc-3406-4440-bb95-d40ec8fcde72%2FBartSimpson.png?1497567511638,Right
Doughnuts? I told you I don't like ethnic food,Mr. Burns,https://cdn.glitch.com/3c3ffadc-3406-4440-bb95-d40ec8fcde72%2FMrBurns.png?1497567512188,Right
Can't we have one meeting that doesn't end with us digging up a corpse?,Mayor Quimby,https://cdn.glitch.com/3c3ffadc-3406-4440-bb95-d40ec8fcde72%2FMayorQuimby.png?1497627527799,Left
"Last night's 'Itchy and Scratchy' was, without a doubt, the worst episode ever. Rest assured that I was on the Internet within minutes, registering my disgust throughout the world.",Comic Book Guy,https://cdn.glitch.com/3c3ffadc-3406-4440-bb95-d40ec8fcde72%2FComicBookGuy.png?1497567511970,Right
"Shoplifting is a victimless crime, like punching someone in the dark.",Nelson Muntz,https://cdn.glitch.com/3c3ffadc-3406-4440-bb95-d40ec8fcde72%2FNelsonMuntz.png?1497567511185,Left
"Last night's 'Itchy and Scratchy' was, without a doubt, the worst episode ever. Rest assured that I was on the Internet within minutes, registering my disgust throughout the world.",Comic Book Guy,https://cdn.glitch.com/3c3ffadc-3406-4440-bb95-d40ec8fcde72%2FComicBookGuy.png?1497567511970,Right
Can't we have one meeting that doesn't end with us digging up a corpse?,Mayor Quimby,https://cdn.glitch.com/3c3ffadc-3406-4440-bb95-d40ec8fcde72%2FMayorQuimby.png?1497627527799,Left
When I look at people I don't see colors; I just see crackpot religions.,Chief Wiggum,https://cdn.glitch.com/3c3ffadc-3406-4440-bb95-d40ec8fcde72%2FChiefWiggum.png?1497567511716,Left
I think women and seamen don't mix,Waylon Smithers,https://cdn.glitch.com/3c3ffadc-3406-4440-bb95-d40ec8fcde72%2FWaylonSmithers.png?1497567511840,Left
Oh Yeah!,Duffman,https://cdn.glitch.com/3c3ffadc-3406-4440-bb95-d40ec8fcde72%2FDuffman.png?1497567511709,Left
I think women and seamen don't mix,Waylon Smithers,https://cdn.glitch.com/3c3ffadc-3406-4440-bb95-d40ec8fcde72%2FWaylonSmithers.png?1497567511840,Left
I think women and seamen don't mix,Waylon Smithers,https://cdn.glitch.com/3c3ffadc-3406-4440-bb95-d40ec8fcde72%2FWaylonSmithers.png?1497567511840,Left
"Hi, Super Nintendo Chalmers!",Ralph Wiggum,https://cdn.glitch.com/3c3ffadc-3406-4440-bb95-d40ec8fcde72%2FRalphWiggum.png?1497567511523,Left
"Well, I'm better than dirt. Well, most kinds of dirt. I mean not that fancy store bought dirt. That stuffs loaded with nutrients. I.. I can't compete with that stuff.",Moe Szyslak,https://cdn.glitch.com/3c3ffadc-3406-4440-bb95-d40ec8fcde72%2FMoeSzyslak.png?1497567512411,Right
But my mom says I'm cool.,Milhouse Van Houten,https://cdn.glitch.com/3c3ffadc-3406-4440-bb95-d40ec8fcde72%2FMilhouseVanHouten.png?1497567513002,Right
"I don't want to sound like a killjoy, but becuase this is not to my taste I don't think anyone else should be allowed to enjoy it.",Marge Simpson,https://cdn.glitch.com/3c3ffadc-3406-4440-bb95-d40ec8fcde72%2FMargeSimpson.png?1497567512205,Right
Inflammable means flammable? What a country!,Dr. Nick,https://cdn.glitch.com/3c3ffadc-3406-4440-bb95-d40ec8fcde72%2FNickRiviera.png?1497567511084,Right
"I don't want to sound like a killjoy, but becuase this is not to my taste I don't think anyone else should be allowed to enjoy it.",Marge Simpson,https://cdn.glitch.com/3c3ffadc-3406-4440-bb95-d40ec8fcde72%2FMargeSimpson.png?1497567512205,Right
I'm sleeping in the bath tub.,Marge Simpson,https://cdn.glitch.com/3c3ffadc-3406-4440-bb95-d40ec8fcde72%2FMargeSimpson.png?1497567512205,Right
"Back in Edinburg, we had a coal miners strike. All we wanted were hats with a wee light on top. Then one day the mine collapsed. No one made it out alive, not even Willie!",Groundskeeper Willie,https://cdn.glitch.com/3c3ffadc-3406-4440-bb95-d40ec8fcde72%2FGroundskeeperWillie.png?1497567512063,Right
Doughnuts? I told you I don't like ethnic food,Mr. Burns,https://cdn.glitch.com/3c3ffadc-3406-4440-bb95-d40ec8fcde72%2FMrBurns.png?1497567512188,Right
Ahh! Sweet liquor eases the pain.,Troy McClure,https://cdn.glitch.com/3c3ffadc-3406-4440-bb95-d40ec8fcde72%2FTroyMcClure.png?1497567511112,Right
I think women and seamen don't mix,Waylon Smithers,https://cdn.glitch.com/3c3ffadc-3406-4440-bb95-d40ec8fcde72%2FWaylonSmithers.png?1497567511840,Left
Eat my shorts,Bart Simpson,https://cdn.glitch.com/3c3ffadc-3406-4440-bb95-d40ec8fcde72%2FBartSimpson.png?1497567511638,Right
"Last night's 'Itchy and Scratchy' was, without a doubt, the worst episode ever. Rest assured that I was on the Internet within minutes, registering my disgust throughout the world.",Comic Book Guy,https://cdn.glitch.com/3c3ffadc-3406-4440-bb95-d40ec8fcde72%2FComicBookGuy.png?1497567511970,Right
Nothing you say can upset us. We're the MTV generation.,Bart Simpson,https://cdn.glitch.com/3c3ffadc-3406-4440-bb95-d40ec8fcde72%2FBartSimpson.png?1497567511638,Right
Inflammable means flammable? What a country!,Dr. Nick,https://cdn.glitch.com/3c3ffadc-3406-4440-bb95-d40ec8fcde72%2FNickRiviera.png?1497567511084,Right
Doughnuts? I told you I don't like ethnic food,Mr. Burns,https://cdn.glitch.com/3c3ffadc-3406-4440-bb95-d40ec8fcde72%2FMrBurns.png?1497567512188,Right
Can't we have one meeting that doesn't end with us digging up a corpse?,Mayor Quimby,https://cdn.glitch.com/3c3ffadc-3406-4440-bb95-d40ec8fcde72%2FMayorQuimby.png?1497627527799,Left
"Last night's 'Itchy and Scratchy' was, without a doubt, the worst episode ever. Rest assured that I was on the Internet within minutes, registering my disgust throughout the world.",Comic Book Guy,https://cdn.glitch.com/3c3ffadc-3406-4440-bb95-d40ec8fcde72%2FComicBookGuy.png?1497567511970,Right
"Shoplifting is a victimless crime, like punching someone in the dark.",Nelson Muntz,https://cdn.glitch.com/3c3ffadc-3406-4440-bb95-d40ec8fcde72%2FNelsonMuntz.png?1497567511185,Left
"Last night's 'Itchy and Scratchy' was, without a doubt, the worst episode ever. Rest assured that I was on the Internet within minutes, registering my disgust throughout the world.",Comic Book Guy,https://cdn.glitch.com/3c3ffadc-3406-4440-bb95-d40ec8fcde72%2FComicBookGuy.png?1497567511970,Right
Can't we have one meeting that doesn't end with us digging up a corpse?,Mayor Quimby,https://cdn.glitch.com/3c3ffadc-3406-4440-bb95-d40ec8fcde72%2FMayorQuimby.png?1497627527799,Left
When I look at people I don't see colors; I just see crackpot religions.,Chief Wiggum,https://cdn.glitch.com/3c3ffadc-3406-4440-bb95-d40ec8fcde72%2FChiefWiggum.png?1497567511716,Left
I think women and seamen don't mix,Waylon Smithers,https://cdn.glitch.com/3c3ffadc-3406-4440-bb95-d40ec8fcde72%2FWaylonSmithers.png?1497567511840,Left
Oh Yeah!,Duffman,https://cdn.glitch.com/3c3ffadc-3406-4440-bb95-d40ec8fcde72%2FDuffman.png?1497567511709,Left
I think women and seamen don't mix,Waylon Smithers,https://cdn.glitch.com/3c3ffadc-3406-4440-bb95-d40ec8fcde72%2FWaylonSmithers.png?1497567511840,Left
I think women and seamen don't mix,Waylon Smithers,https://cdn.glitch.com/3c3ffadc-3406-4440-bb95-d40ec8fcde72%2FWaylonSmithers.png?1497567511840,Left
"Hi, Super Nintendo Chalmers!",Ralph Wiggum,https://cdn.glitch.com/3c3ffadc-3406-4440-bb95-d40ec8fcde72%2FRalphWiggum.png?1497567511523,Left
"Well, I'm better than dirt. Well, most kinds of dirt. I mean not that fancy store bought dirt. That stuffs loaded with nutrients. I.. I can't compete with that stuff.",Moe Szyslak,https://cdn.glitch.com/3c3ffadc-3406-4440-bb95-d40ec8fcde72%2FMoeSzyslak.png?1497567512411,Right
But my mom says I'm cool.,Milhouse Van Houten,https://cdn.glitch.com/3c3ffadc-3406-4440-bb95-d40ec8fcde72%2FMilhouseVanHouten.png?1497567513002,Right
"I don't want to sound like a killjoy, but becuase this is not to my taste I don't think anyone else should be allowed to enjoy it.",Marge Simpson,https://cdn.glitch.com/3c3ffadc-3406-4440-bb95-d40ec8fcde72%2FMargeSimpson.png?1497567512205,Right
Inflammable means flammable? What a country!,Dr. Nick,https://cdn.glitch.com/3c3ffadc-3406-4440-bb95-d40ec8fcde72%2FNickRiviera.png?1497567511084,Right
"I don't want to sound like a killjoy, but becuase this is not to my taste I don't think anyone else should be allowed to enjoy it.",Marge Simpson,https://cdn.glitch.com/3c3ffadc-3406-4440-bb95-d40ec8fcde72%2FMargeSimpson.png?1497567512205,Right
I'm sleeping in the bath tub.,Marge Simpson,https://cdn.glitch.com/3c3ffadc-3406-4440-bb95-d40ec8fcde72%2FMargeSimpson.png?1497567512205,Right
"Back in Edinburg, we had a coal miners strike. All we wanted were hats with a wee light on top. Then one day the mine collapsed. No one made it out alive, not even Willie!",Groundskeeper Willie,https://cdn.glitch.com/3c3ffadc-3406-4440-bb95-d40ec8fcde72%2FGroundskeeperWillie.png?1497567512063,Right
Doughnuts? I told you I don't like ethnic food,Mr. Burns,https://cdn.glitch.com/3c3ffadc-3406-4440-bb95-d40ec8fcde72%2FMrBurns.png?1497567512188,Right
Ahh! Sweet liquor eases the pain.,Troy McClure,https://cdn.glitch.com/3c3ffadc-3406-4440-bb95-d40ec8fcde72%2FTroyMcClure.png?1497567511112,Right
I think women and seamen don't mix,Waylon Smithers,https://cdn.glitch.com/3c3ffadc-3406-4440-bb95-d40ec8fcde72%2FWaylonSmithers.png?1497567511840,Left
Eat my shorts,Bart Simpson,https://cdn.glitch.com/3c3ffadc-3406-4440-bb95-d40ec8fcde72%2FBartSimpson.png?1497567511638,Right
"Last night's 'Itchy and Scratchy' was, without a doubt, the worst episode ever. Rest assured that I was on the Internet within minutes, registering my disgust throughout the world.",Comic Book Guy,https://cdn.glitch.com/3c3ffadc-3406-4440-bb95-d40ec8fcde72%2FComicBookGuy.png?1497567511970,Right
Nothing you say can upset us. We're the MTV generation.,Bart Simpson,https://cdn.glitch.com/3c3ffadc-3406-4440-bb95-d40ec8fcde72%2FBartSimpson.png?1497567511638,Right
Inflammable means flammable? What a country!,Dr. Nick,https://cdn.glitch.com/3c3ffadc-3406-4440-bb95-d40ec8fcde72%2FNickRiviera.png?1497567511084,Right
I'm sleeping in the bath tub.,Marge Simpson,https://cdn.glitch.com/3c3ffadc-3406-4440-bb95-d40ec8fcde72%2FMargeSimpson.png?1497567512205,Right
Doughnuts? I told you I don't like ethnic food,Mr. Burns,https://cdn.glitch.com/3c3ffadc-3406-4440-bb95-d40ec8fcde72%2FMrBurns.png?1497567512188,Right
Can't we have one meeting that doesn't end with us digging up a corpse?,Mayor Quimby,https://cdn.glitch.com/3c3ffadc-3406-4440-bb95-d40ec8fcde72%2FMayorQuimby.png?1497627527799,Left
"Last night's 'Itchy and Scratchy' was, without a doubt, the worst episode ever. Rest assured that I was on the Internet within minutes, registering my disgust throughout the world.",Comic Book Guy,https://cdn.glitch.com/3c3ffadc-3406-4440-bb95-d40ec8fcde72%2FComicBookGuy.png?1497567511970,Right
"Shoplifting is a victimless crime, like punching someone in the dark.",Nelson Muntz,https://cdn.glitch.com/3c3ffadc-3406-4440-bb95-d40ec8fcde72%2FNelsonMuntz.png?1497567511185,Left
"Last night's 'Itchy and Scratchy' was, without a doubt, the worst episode ever. Rest assured that I was on the Internet within minutes, registering my disgust throughout the world.",Comic Book Guy,https://cdn.glitch.com/3c3ffadc-3406-4440-bb95-d40ec8fcde72%2FComicBookGuy.png?1497567511970,Right
Can't we have one meeting that doesn't end with us digging up a corpse?,Mayor Quimby,https://cdn.glitch.com/3c3ffadc-3406-4440-bb95-d40ec8fcde72%2FMayorQuimby.png?1497627527799,Left
When I look at people I don't see colors; I just see crackpot religions.,Chief Wiggum,https://cdn.glitch.com/3c3ffadc-3406-4440-bb95-d40ec8fcde72%2FChiefWiggum.png?1497567511716,Left
I think women and seamen don't mix,Waylon Smithers,https://cdn.glitch.com/3c3ffadc-3406-4440-bb95-d40ec8fcde72%2FWaylonSmithers.png?1497567511840,Left
Oh Yeah!,Duffman,https://cdn.glitch.com/3c3ffadc-3406-4440-bb95-d40ec8fcde72%2FDuffman.png?1497567511709,Left
I think women and seamen don't mix,Waylon Smithers,https://cdn.glitch.com/3c3ffadc-3406-4440-bb95-d40ec8fcde72%2FWaylonSmithers.png?1497567511840,Left
I think women and seamen don't mix,Waylon Smithers,https://cdn.glitch.com/3c3ffadc-3406-4440-bb95-d40ec8fcde72%2FWaylonSmithers.png?1497567511840,Left
"Hi, Super Nintendo Chalmers!",Ralph Wiggum,https://cdn.glitch.com/3c3ffadc-3406-4440-bb95-d40ec8fcde72%2FRalphWiggum.png?1497567511523,Left
"Well, I'm better than dirt. Well, most kinds of dirt. I mean not that fancy store bought dirt. That stuffs loaded with nutrients. I.. I can't compete with that stuff.",Moe Szyslak,https://cdn.glitch.com/3c3ffadc-3406-4440-bb95-d40ec8fcde72%2FMoeSzyslak.png?1497567512411,Right
But my mom says I'm cool.,Milhouse Van Houten,https://cdn.glitch.com/3c3ffadc-3406-4440-bb95-d40ec8fcde72%2FMilhouseVanHouten.png?1497567513002,Right
"I don't want to sound like a killjoy, but becuase this is not to my taste I don't think anyone else should be allowed to enjoy it.",Marge Simpson,https://cdn.glitch.com/3c3ffadc-3406-4440-bb95-d40ec8fcde72%2FMargeSimpson.png?1497567512205,Right
Inflammable means flammable? What a country!,Dr. Nick,https://cdn.glitch.com/3c3ffadc-3406-4440-bb95-d40ec8fcde72%2FNickRiviera.png?1497567511084,Right
"I don't want to sound like a killjoy, but becuase this is not to my taste I don't think anyone else should be allowed to enjoy it.",Marge Simpson,https://cdn.glitch.com/3c3ffadc-3406-4440-bb95-d40ec8fcde72%2FMargeSimpson.png?1497567512205,Right
I'm sleeping in the bath tub.,Marge Simpson,https://cdn.glitch.com/3c3ffadc-3406-4440-bb95-d40ec8fcde72%2FMargeSimpson.png?1497567512205,Right
"Back in Edinburg, we had a coal miners strike. All we wanted were hats with a wee light on top. Then one day the mine collapsed. No one made it out alive, not even Willie!",Groundskeeper Willie,https://cdn.glitch.com/3c3ffadc-3406-4440-bb95-d40ec8fcde72%2FGroundskeeperWillie.png?1497567512063,Right
Doughnuts? I told you I don't like ethnic food,Mr. Burns,https://cdn.glitch.com/3c3ffadc-3406-4440-bb95-d40ec8fcde72%2FMrBurns.png?1497567512188,Right
Ahh! Sweet liquor eases the pain.,Troy McClure,https://cdn.glitch.com/3c3ffadc-3406-4440-bb95-d40ec8fcde72%2FTroyMcClure.png?1497567511112,Right
I think women and seamen don't mix,Waylon Smithers,https://cdn.glitch.com/3c3ffadc-3406-4440-bb95-d40ec8fcde72%2FWaylonSmithers.png?1497567511840,Left
Eat my shorts,Bart Simpson,https://cdn.glitch.com/3c3ffadc-3406-4440-bb95-d40ec8fcde72%2FBartSimpson.png?1497567511638,Right
"Last night's 'Itchy and Scratchy' was, without a doubt, the worst episode ever. Rest assured that I was on the Internet within minutes, registering my disgust throughout the world.",Comic Book Guy,https://cdn.glitch.com/3c3ffadc-3406-4440-bb95-d40ec8fcde72%2FComicBookGuy.png?1497567511970,Right
Nothing you say can upset us. We're the MTV generation.,Bart Simpson,https://cdn.glitch.com/3c3ffadc-3406-4440-bb95-d40ec8fcde72%2FBartSimpson.png?1497567511638,Right
Inflammable means flammable? What a country!,Dr. Nick,https://cdn.glitch.com/3c3ffadc-3406-4440-bb95-d40ec8fcde72%2FNickRiviera.png?1497567511084,Right
I'm sleeping in the bath tub.,Marge Simpson,https://cdn.glitch.com/3c3ffadc-3406-4440-bb95-d40ec8fcde72%2FMargeSimpson.png?1497567512205,Right
Thank you. Come again.,Apu Nahasapeemapetilon,https://cdn.glitch.com/3c3ffadc-3406-4440-bb95-d40ec8fcde72%2FApuNahasapeemapetilon.png?1497567511629,Left
Doughnuts? I told you I don't like ethnic food,Mr. Burns,https://cdn.glitch.com/3c3ffadc-3406-4440-bb95-d40ec8fcde72%2FMrBurns.png?1497567512188,Right
Can't we have one meeting that doesn't end with us digging up a corpse?,Mayor Quimby,https://cdn.glitch.com/3c3ffadc-3406-4440-bb95-d40ec8fcde72%2FMayorQuimby.png?1497627527799,Left
"Last night's 'Itchy and Scratchy' was, without a doubt, the worst episode ever. Rest assured that I was on the Internet within minutes, registering my disgust throughout the world.",Comic Book Guy,https://cdn.glitch.com/3c3ffadc-3406-4440-bb95-d40ec8fcde72%2FComicBookGuy.png?1497567511970,Right
"Shoplifting is a victimless crime, like punching someone in the dark.",Nelson Muntz,https://cdn.glitch.com/3c3ffadc-3406-4440-bb95-d40ec8fcde72%2FNelsonMuntz.png?1497567511185,Left
"Last night's 'Itchy and Scratchy' was, without a doubt, the worst episode ever. Rest assured that I was on the Internet within minutes, registering my disgust throughout the world.",Comic Book Guy,https://cdn.glitch.com/3c3ffadc-3406-4440-bb95-d40ec8fcde72%2FComicBookGuy.png?1497567511970,Right
Can't we have one meeting that doesn't end with us digging up a corpse?,Mayor Quimby,https://cdn.glitch.com/3c3ffadc-3406-4440-bb95-d40ec8fcde72%2FMayorQuimby.png?1497627527799,Left
When I look at people I don't see colors; I just see crackpot religions.,Chief Wiggum,https://cdn.glitch.com/3c3ffadc-3406-4440-bb95-d40ec8fcde72%2FChiefWiggum.png?1497567511716,Left
I think women and seamen don't mix,Waylon Smithers,https://cdn.glitch.com/3c3ffadc-3406-4440-bb95-d40ec8fcde72%2FWaylonSmithers.png?1497567511840,Left
Oh Yeah!,Duffman,https://cdn.glitch.com/3c3ffadc-3406-4440-bb95-d40ec8fcde72%2FDuffman.png?1497567511709,Left
I think women and seamen don't mix,Waylon Smithers,https://cdn.glitch.com/3c3ffadc-3406-4440-bb95-d40ec8fcde72%2FWaylonSmithers.png?1497567511840,Left
I think women and seamen don't mix,Waylon Smithers,https://cdn.glitch.com/3c3ffadc-3406-4440-bb95-d40ec8fcde72%2FWaylonSmithers.png?1497567511840,Left
"Hi, Super Nintendo Chalmers!",Ralph Wiggum,https://cdn.glitch.com/3c3ffadc-3406-4440-bb95-d40ec8fcde72%2FRalphWiggum.png?1497567511523,Left
"Well, I'm better than dirt. Well, most kinds of dirt. I mean not that fancy store bought dirt. That stuffs loaded with nutrients. I.. I can't compete with that stuff.",Moe Szyslak,https://cdn.glitch.com/3c3ffadc-3406-4440-bb95-d40ec8fcde72%2FMoeSzyslak.png?1497567512411,Right
But my mom says I'm cool.,Milhouse Van Houten,https://cdn.glitch.com/3c3ffadc-3406-4440-bb95-d40ec8fcde72%2FMilhouseVanHouten.png?1497567513002,Right
"I don't want to sound like a killjoy, but becuase this is not to my taste I don't think anyone else should be allowed to enjoy it.",Marge Simpson,https://cdn.glitch.com/3c3ffadc-3406-4440-bb95-d40ec8fcde72%2FMargeSimpson.png?1497567512205,Right
Inflammable means flammable? What a country!,Dr. Nick,https://cdn.glitch.com/3c3ffadc-3406-4440-bb95-d40ec8fcde72%2FNickRiviera.png?1497567511084,Right
"I don't want to sound like a killjoy, but becuase this is not to my taste I don't think anyone else should be allowed to enjoy it.",Marge Simpson,https://cdn.glitch.com/3c3ffadc-3406-4440-bb95-d40ec8fcde72%2FMargeSimpson.png?1497567512205,Right
I'm sleeping in the bath tub.,Marge Simpson,https://cdn.glitch.com/3c3ffadc-3406-4440-bb95-d40ec8fcde72%2FMargeSimpson.png?1497567512205,Right
"Back in Edinburg, we had a coal miners strike. All we wanted were hats with a wee light on top. Then one day the mine collapsed. No one made it out alive, not even Willie!",Groundskeeper Willie,https://cdn.glitch.com/3c3ffadc-3406-4440-bb95-d40ec8fcde72%2FGroundskeeperWillie.png?1497567512063,Right
Doughnuts? I told you I don't like ethnic food,Mr. Burns,https://cdn.glitch.com/3c3ffadc-3406-4440-bb95-d40ec8fcde72%2FMrBurns.png?1497567512188,Right
Ahh! Sweet liquor eases the pain.,Troy McClure,https://cdn.glitch.com/3c3ffadc-3406-4440-bb95-d40ec8fcde72%2FTroyMcClure.png?1497567511112,Right
I think women and seamen don't mix,Waylon Smithers,https://cdn.glitch.com/3c3ffadc-3406-4440-bb95-d40ec8fcde72%2FWaylonSmithers.png?1497567511840,Left
Eat my shorts,Bart Simpson,https://cdn.glitch.com/3c3ffadc-3406-4440-bb95-d40ec8fcde72%2FBartSimpson.png?1497567511638,Right
"Last night's 'Itchy and Scratchy' was, without a doubt, the worst episode ever. Rest assured that I was on the Internet within minutes, registering my disgust throughout the world.",Comic Book Guy,https://cdn.glitch.com/3c3ffadc-3406-4440-bb95-d40ec8fcde72%2FComicBookGuy.png?1497567511970,Right
Nothing you say can upset us. We're the MTV generation.,Bart Simpson,https://cdn.glitch.com/3c3ffadc-3406-4440-bb95-d40ec8fcde72%2FBartSimpson.png?1497567511638,Right
Inflammable means flammable? What a country!,Dr. Nick,https://cdn.glitch.com/3c3ffadc-3406-4440-bb95-d40ec8fcde72%2FNickRiviera.png?1497567511084,Right
I'm sleeping in the bath tub.,Marge Simpson,https://cdn.glitch.com/3c3ffadc-3406-4440-bb95-d40ec8fcde72%2FMargeSimpson.png?1497567512205,Right
Thank you. Come again.,Apu Nahasapeemapetilon,https://cdn.glitch.com/3c3ffadc-3406-4440-bb95-d40ec8fcde72%2FApuNahasapeemapetilon.png?1497567511629,Left
"Hello, Simpson. I'm riding the bus today becuase Mother hid my car keys to punish me for talking to a woman on the phone. She was right to do it.",Principal Skinner,https://cdn.glitch.com/3c3ffadc-3406-4440-bb95-d40ec8fcde72%2FSeymourSkinner.png?1497567511460,Right
Doughnuts? I told you I don't like ethnic food,Mr. Burns,https://cdn.glitch.com/3c3ffadc-3406-4440-bb95-d40ec8fcde72%2FMrBurns.png?1497567512188,Right
Can't we have one meeting that doesn't end with us digging up a corpse?,Mayor Quimby,https://cdn.glitch.com/3c3ffadc-3406-4440-bb95-d40ec8fcde72%2FMayorQuimby.png?1497627527799,Left
"Last night's 'Itchy and Scratchy' was, without a doubt, the worst episode ever. Rest assured that I was on the Internet within minutes, registering my disgust throughout the world.",Comic Book Guy,https://cdn.glitch.com/3c3ffadc-3406-4440-bb95-d40ec8fcde72%2FComicBookGuy.png?1497567511970,Right
"Shoplifting is a victimless crime, like punching someone in the dark.",Nelson Muntz,https://cdn.glitch.com/3c3ffadc-3406-4440-bb95-d40ec8fcde72%2FNelsonMuntz.png?1497567511185,Left
"Last night's 'Itchy and Scratchy' was, without a doubt, the worst episode ever. Rest assured that I was on the Internet within minutes, registering my disgust throughout the world.",Comic Book Guy,https://cdn.glitch.com/3c3ffadc-3406-4440-bb95-d40ec8fcde72%2FComicBookGuy.png?1497567511970,Right
Can't we have one meeting that doesn't end with us digging up a corpse?,Mayor Quimby,https://cdn.glitch.com/3c3ffadc-3406-4440-bb95-d40ec8fcde72%2FMayorQuimby.png?1497627527799,Left
When I look at people I don't see colors; I just see crackpot religions.,Chief Wiggum,https://cdn.glitch.com/3c3ffadc-3406-4440-bb95-d40ec8fcde72%2FChiefWiggum.png?1497567511716,Left
I think women and seamen don't mix,Waylon Smithers,https://cdn.glitch.com/3c3ffadc-3406-4440-bb95-d40ec8fcde72%2FWaylonSmithers.png?1497567511840,Left
Oh Yeah!,Duffman,https://cdn.glitch.com/3c3ffadc-3406-4440-bb95-d40ec8fcde72%2FDuffman.png?1497567511709,Left
I think women and seamen don't mix,Waylon Smithers,https://cdn.glitch.com/3c3ffadc-3406-4440-bb95-d40ec8fcde72%2FWaylonSmithers.png?1497567511840,Left
I think women and seamen don't mix,Waylon Smithers,https://cdn.glitch.com/3c3ffadc-3406-4440-bb95-d40ec8fcde72%2FWaylonSmithers.png?1497567511840,Left
"Hi, Super Nintendo Chalmers!",Ralph Wiggum,https://cdn.glitch.com/3c3ffadc-3406-4440-bb95-d40ec8fcde72%2FRalphWiggum.png?1497567511523,Left
"Well, I'm better than dirt. Well, most kinds of dirt. I mean not that fancy store bought dirt. That stuffs loaded with nutrients. I.. I can't compete with that stuff.",Moe Szyslak,https://cdn.glitch.com/3c3ffadc-3406-4440-bb95-d40ec8fcde72%2FMoeSzyslak.png?1497567512411,Right
But my mom says I'm cool.,Milhouse Van Houten,https://cdn.glitch.com/3c3ffadc-3406-4440-bb95-d40ec8fcde72%2FMilhouseVanHouten.png?1497567513002,Right
"I don't want to sound like a killjoy, but becuase this is not to my taste I don't think anyone else should be allowed to enjoy it.",Marge Simpson,https://cdn.glitch.com/3c3ffadc-3406-4440-bb95-d40ec8fcde72%2FMargeSimpson.png?1497567512205,Right
Inflammable means flammable? What a country!,Dr. Nick,https://cdn.glitch.com/3c3ffadc-3406-4440-bb95-d40ec8fcde72%2FNickRiviera.png?1497567511084,Right
"I don't want to sound like a killjoy, but becuase this is not to my taste I don't think anyone else should be allowed to enjoy it.",Marge Simpson,https://cdn.glitch.com/3c3ffadc-3406-4440-bb95-d40ec8fcde72%2FMargeSimpson.png?1497567512205,Right
I'm sleeping in the bath tub.,Marge Simpson,https://cdn.glitch.com/3c3ffadc-3406-4440-bb95-d40ec8fcde72%2FMargeSimpson.png?1497567512205,Right
"Back in Edinburg, we had a coal miners strike. All we wanted were hats with a wee light on top. Then one day the mine collapsed. No one made it out alive, not even Willie!",Groundskeeper Willie,https://cdn.glitch.com/3c3ffadc-3406-4440-bb95-d40ec8fcde72%2FGroundskeeperWillie.png?1497567512063,Right
Doughnuts? I told you I don't like ethnic food,Mr. Burns,https://cdn.glitch.com/3c3ffadc-3406-4440-bb95-d40ec8fcde72%2FMrBurns.png?1497567512188,Right
Ahh! Sweet liquor eases the pain.,Troy McClure,https://cdn.glitch.com/3c3ffadc-3406-4440-bb95-d40ec8fcde72%2FTroyMcClure.png?1497567511112,Right
I think women and seamen don't mix,Waylon Smithers,https://cdn.glitch.com/3c3ffadc-3406-4440-bb95-d40ec8fcde72%2FWaylonSmithers.png?1497567511840,Left
Eat my shorts,Bart Simpson,https://cdn.glitch.com/3c3ffadc-3406-4440-bb95-d40ec8fcde72%2FBartSimpson.png?1497567511638,Right
"Last night's 'Itchy and Scratchy' was, without a doubt, the worst episode ever. Rest assured that I was on the Internet within minutes, registering my disgust throughout the world.",Comic Book Guy,https://cdn.glitch.com/3c3ffadc-3406-4440-bb95-d40ec8fcde72%2FComicBookGuy.png?1497567511970,Right
Nothing you say can upset us. We're the MTV generation.,Bart Simpson,https://cdn.glitch.com/3c3ffadc-3406-4440-bb95-d40ec8fcde72%2FBartSimpson.png?1497567511638,Right
Inflammable means flammable? What a country!,Dr. Nick,https://cdn.glitch.com/3c3ffadc-3406-4440-bb95-d40ec8fcde72%2FNickRiviera.png?1497567511084,Right
I'm sleeping in the bath tub.,Marge Simpson,https://cdn.glitch.com/3c3ffadc-3406-4440-bb95-d40ec8fcde72%2FMargeSimpson.png?1497567512205,Right
Thank you. Come again.,Apu Nahasapeemapetilon,https://cdn.glitch.com/3c3ffadc-3406-4440-bb95-d40ec8fcde72%2FApuNahasapeemapetilon.png?1497567511629,Left
"Hello, Simpson. I'm riding the bus today becuase Mother hid my car keys to punish me for talking to a woman on the phone. She was right to do it.",Principal Skinner,https://cdn.glitch.com/3c3ffadc-3406-4440-bb95-d40ec8fcde72%2FSeymourSkinner.png?1497567511460,Right
When I look at people I don't see colors; I just see crackpot religions.,Chief Wiggum,https://cdn.glitch.com/3c3ffadc-3406-4440-bb95-d40ec8fcde72%2FChiefWiggum.png?1497567511716,Left
Doughnuts? I told you I don't like ethnic food,Mr. Burns,https://cdn.glitch.com/3c3ffadc-3406-4440-bb95-d40ec8fcde72%2FMrBurns.png?1497567512188,Right
Can't we have one meeting that doesn't end with us digging up a corpse?,Mayor Quimby,https://cdn.glitch.com/3c3ffadc-3406-4440-bb95-d40ec8fcde72%2FMayorQuimby.png?1497627527799,Left
"Last night's 'Itchy and Scratchy' was, without a doubt, the worst episode ever. Rest assured that I was on the Internet within minutes, registering my disgust throughout the world.",Comic Book Guy,https://cdn.glitch.com/3c3ffadc-3406-4440-bb95-d40ec8fcde72%2FComicBookGuy.png?1497567511970,Right
"Shoplifting is a victimless crime, like punching someone in the dark.",Nelson Muntz,https://cdn.glitch.com/3c3ffadc-3406-4440-bb95-d40ec8fcde72%2FNelsonMuntz.png?1497567511185,Left
"Last night's 'Itchy and Scratchy' was, without a doubt, the worst episode ever. Rest assured that I was on the Internet within minutes, registering my disgust throughout the world.",Comic Book Guy,https://cdn.glitch.com/3c3ffadc-3406-4440-bb95-d40ec8fcde72%2FComicBookGuy.png?1497567511970,Right
Can't we have one meeting that doesn't end with us digging up a corpse?,Mayor Quimby,https://cdn.glitch.com/3c3ffadc-3406-4440-bb95-d40ec8fcde72%2FMayorQuimby.png?1497627527799,Left
When I look at people I don't see colors; I just see crackpot religions.,Chief Wiggum,https://cdn.glitch.com/3c3ffadc-3406-4440-bb95-d40ec8fcde72%2FChiefWiggum.png?1497567511716,Left
I think women and seamen don't mix,Waylon Smithers,https://cdn.glitch.com/3c3ffadc-3406-4440-bb95-d40ec8fcde72%2FWaylonSmithers.png?1497567511840,Left
Oh Yeah!,Duffman,https://cdn.glitch.com/3c3ffadc-3406-4440-bb95-d40ec8fcde72%2FDuffman.png?1497567511709,Left
I think women and seamen don't mix,Waylon Smithers,https://cdn.glitch.com/3c3ffadc-3406-4440-bb95-d40ec8fcde72%2FWaylonSmithers.png?1497567511840,Left
I think women and seamen don't mix,Waylon Smithers,https://cdn.glitch.com/3c3ffadc-3406-4440-bb95-d40ec8fcde72%2FWaylonSmithers.png?1497567511840,Left
"Hi, Super Nintendo Chalmers!",Ralph Wiggum,https://cdn.glitch.com/3c3ffadc-3406-4440-bb95-d40ec8fcde72%2FRalphWiggum.png?1497567511523,Left
"Well, I'm better than dirt. Well, most kinds of dirt. I mean not that fancy store bought dirt. That stuffs loaded with nutrients. I.. I can't compete with that stuff.",Moe Szyslak,https://cdn.glitch.com/3c3ffadc-3406-4440-bb95-d40ec8fcde72%2FMoeSzyslak.png?1497567512411,Right
But my mom says I'm cool.,Milhouse Van Houten,https://cdn.glitch.com/3c3ffadc-3406-4440-bb95-d40ec8fcde72%2FMilhouseVanHouten.png?1497567513002,Right
"I don't want to sound like a killjoy, but becuase this is not to my taste I don't think anyone else should be allowed to enjoy it.",Marge Simpson,https://cdn.glitch.com/3c3ffadc-3406-4440-bb95-d40ec8fcde72%2FMargeSimpson.png?1497567512205,Right
Inflammable means flammable? What a country!,Dr. Nick,https://cdn.glitch.com/3c3ffadc-3406-4440-bb95-d40ec8fcde72%2FNickRiviera.png?1497567511084,Right
"I don't want to sound like a killjoy, but becuase this is not to my taste I don't think anyone else should be allowed to enjoy it.",Marge Simpson,https://cdn.glitch.com/3c3ffadc-3406-4440-bb95-d40ec8fcde72%2FMargeSimpson.png?1497567512205,Right
I'm sleeping in the bath tub.,Marge Simpson,https://cdn.glitch.com/3c3ffadc-3406-4440-bb95-d40ec8fcde72%2FMargeSimpson.png?1497567512205,Right
"Back in Edinburg, we had a coal miners strike. All we wanted were hats with a wee light on top. Then one day the mine collapsed. No one made it out alive, not even Willie!",Groundskeeper Willie,https://cdn.glitch.com/3c3ffadc-3406-4440-bb95-d40ec8fcde72%2FGroundskeeperWillie.png?1497567512063,Right
Doughnuts? I told you I don't like ethnic food,Mr. Burns,https://cdn.glitch.com/3c3ffadc-3406-4440-bb95-d40ec8fcde72%2FMrBurns.png?1497567512188,Right
Ahh! Sweet liquor eases the pain.,Troy McClure,https://cdn.glitch.com/3c3ffadc-3406-4440-bb95-d40ec8fcde72%2FTroyMcClure.png?1497567511112,Right
I think women and seamen don't mix,Waylon Smithers,https://cdn.glitch.com/3c3ffadc-3406-4440-bb95-d40ec8fcde72%2FWaylonSmithers.png?1497567511840,Left
Eat my shorts,Bart Simpson,https://cdn.glitch.com/3c3ffadc-3406-4440-bb95-d40ec8fcde72%2FBartSimpson.png?1497567511638,Right
"Last night's 'Itchy and Scratchy' was, without a doubt, the worst episode ever. Rest assured that I was on the Internet within minutes, registering my disgust throughout the world.",Comic Book Guy,https://cdn.glitch.com/3c3ffadc-3406-4440-bb95-d40ec8fcde72%2FComicBookGuy.png?1497567511970,Right
Nothing you say can upset us. We're the MTV generation.,Bart Simpson,https://cdn.glitch.com/3c3ffadc-3406-4440-bb95-d40ec8fcde72%2FBartSimpson.png?1497567511638,Right
Inflammable means flammable? What a country!,Dr. Nick,https://cdn.glitch.com/3c3ffadc-3406-4440-bb95-d40ec8fcde72%2FNickRiviera.png?1497567511084,Right
I'm sleeping in the bath tub.,Marge Simpson,https://cdn.glitch.com/3c3ffadc-3406-4440-bb95-d40ec8fcde72%2FMargeSimpson.png?1497567512205,Right
Thank you. Come again.,Apu Nahasapeemapetilon,https://cdn.glitch.com/3c3ffadc-3406-4440-bb95-d40ec8fcde72%2FApuNahasapeemapetilon.png?1497567511629,Left
"Hello, Simpson. I'm riding the bus today becuase Mother hid my car keys to punish me for talking to a woman on the phone. She was right to do it.",Principal Skinner,https://cdn.glitch.com/3c3ffadc-3406-4440-bb95-d40ec8fcde72%2FSeymourSkinner.png?1497567511460,Right
When I look at people I don't see colors; I just see crackpot religions.,Chief Wiggum,https://cdn.glitch.com/3c3ffadc-3406-4440-bb95-d40ec8fcde72%2FChiefWiggum.png?1497567511716,Left
"Hi, Super Nintendo Chalmers!",Ralph Wiggum,https://cdn.glitch.com/3c3ffadc-3406-4440-bb95-d40ec8fcde72%2FRalphWiggum.png?1497567511523,Left
Doughnuts? I told you I don't like ethnic food,Mr. Burns,https://cdn.glitch.com/3c3ffadc-3406-4440-bb95-d40ec8fcde72%2FMrBurns.png?1497567512188,Right
Can't we have one meeting that doesn't end with us digging up a corpse?,Mayor Quimby,https://cdn.glitch.com/3c3ffadc-3406-4440-bb95-d40ec8fcde72%2FMayorQuimby.png?1497627527799,Left
"Last night's 'Itchy and Scratchy' was, without a doubt, the worst episode ever. Rest assured that I was on the Internet within minutes, registering my disgust throughout the world.",Comic Book Guy,https://cdn.glitch.com/3c3ffadc-3406-4440-bb95-d40ec8fcde72%2FComicBookGuy.png?1497567511970,Right
"Shoplifting is a victimless crime, like punching someone in the dark.",Nelson Muntz,https://cdn.glitch.com/3c3ffadc-3406-4440-bb95-d40ec8fcde72%2FNelsonMuntz.png?1497567511185,Left
"Last night's 'Itchy and Scratchy' was, without a doubt, the worst episode ever. Rest assured that I was on the Internet within minutes, registering my disgust throughout the world.",Comic Book Guy,https://cdn.glitch.com/3c3ffadc-3406-4440-bb95-d40ec8fcde72%2FComicBookGuy.png?1497567511970,Right
Can't we have one meeting that doesn't end with us digging up a corpse?,Mayor Quimby,https://cdn.glitch.com/3c3ffadc-3406-4440-bb95-d40ec8fcde72%2FMayorQuimby.png?1497627527799,Left
When I look at people I don't see colors; I just see crackpot religions.,Chief Wiggum,https://cdn.glitch.com/3c3ffadc-3406-4440-bb95-d40ec8fcde72%2FChiefWiggum.png?1497567511716,Left
I think women and seamen don't mix,Waylon Smithers,https://cdn.glitch.com/3c3ffadc-3406-4440-bb95-d40ec8fcde72%2FWaylonSmithers.png?1497567511840,Left
Oh Yeah!,Duffman,https://cdn.glitch.com/3c3ffadc-3406-4440-bb95-d40ec8fcde72%2FDuffman.png?1497567511709,Left
I think women and seamen don't mix,Waylon Smithers,https://cdn.glitch.com/3c3ffadc-3406-4440-bb95-d40ec8fcde72%2FWaylonSmithers.png?1497567511840,Left
I think women and seamen don't mix,Waylon Smithers,https://cdn.glitch.com/3c3ffadc-3406-4440-bb95-d40ec8fcde72%2FWaylonSmithers.png?1497567511840,Left
"Hi, Super Nintendo Chalmers!",Ralph Wiggum,https://cdn.glitch.com/3c3ffadc-3406-4440-bb95-d40ec8fcde72%2FRalphWiggum.png?1497567511523,Left
"Well, I'm better than dirt. Well, most kinds of dirt. I mean not that fancy store bought dirt. That stuffs loaded with nutrients. I.. I can't compete with that stuff.",Moe Szyslak,https://cdn.glitch.com/3c3ffadc-3406-4440-bb95-d40ec8fcde72%2FMoeSzyslak.png?1497567512411,Right
But my mom says I'm cool.,Milhouse Van Houten,https://cdn.glitch.com/3c3ffadc-3406-4440-bb95-d40ec8fcde72%2FMilhouseVanHouten.png?1497567513002,Right
"I don't want to sound like a killjoy, but becuase this is not to my taste I don't think anyone else should be allowed to enjoy it.",Marge Simpson,https://cdn.glitch.com/3c3ffadc-3406-4440-bb95-d40ec8fcde72%2FMargeSimpson.png?1497567512205,Right
Inflammable means flammable? What a country!,Dr. Nick,https://cdn.glitch.com/3c3ffadc-3406-4440-bb95-d40ec8fcde72%2FNickRiviera.png?1497567511084,Right
"I don't want to sound like a killjoy, but becuase this is not to my taste I don't think anyone else should be allowed to enjoy it.",Marge Simpson,https://cdn.glitch.com/3c3ffadc-3406-4440-bb95-d40ec8fcde72%2FMargeSimpson.png?1497567512205,Right
I'm sleeping in the bath tub.,Marge Simpson,https://cdn.glitch.com/3c3ffadc-3406-4440-bb95-d40ec8fcde72%2FMargeSimpson.png?1497567512205,Right
"Back in Edinburg, we had a coal miners strike. All we wanted were hats with a wee light on top. Then one day the mine collapsed. No one made it out alive, not even Willie!",Groundskeeper Willie,https://cdn.glitch.com/3c3ffadc-3406-4440-bb95-d40ec8fcde72%2FGroundskeeperWillie.png?1497567512063,Right
Doughnuts? I told you I don't like ethnic food,Mr. Burns,https://cdn.glitch.com/3c3ffadc-3406-4440-bb95-d40ec8fcde72%2FMrBurns.png?1497567512188,Right
Ahh! Sweet liquor eases the pain.,Troy McClure,https://cdn.glitch.com/3c3ffadc-3406-4440-bb95-d40ec8fcde72%2FTroyMcClure.png?1497567511112,Right
I think women and seamen don't mix,Waylon Smithers,https://cdn.glitch.com/3c3ffadc-3406-4440-bb95-d40ec8fcde72%2FWaylonSmithers.png?1497567511840,Left
Eat my shorts,Bart Simpson,https://cdn.glitch.com/3c3ffadc-3406-4440-bb95-d40ec8fcde72%2FBartSimpson.png?1497567511638,Right
"Last night's 'Itchy and Scratchy' was, without a doubt, the worst episode ever. Rest assured that I was on the Internet within minutes, registering my disgust throughout the world.",Comic Book Guy,https://cdn.glitch.com/3c3ffadc-3406-4440-bb95-d40ec8fcde72%2FComicBookGuy.png?1497567511970,Right
Nothing you say can upset us. We're the MTV generation.,Bart Simpson,https://cdn.glitch.com/3c3ffadc-3406-4440-bb95-d40ec8fcde72%2FBartSimpson.png?1497567511638,Right
Inflammable means flammable? What a country!,Dr. Nick,https://cdn.glitch.com/3c3ffadc-3406-4440-bb95-d40ec8fcde72%2FNickRiviera.png?1497567511084,Right
I'm sleeping in the bath tub.,Marge Simpson,https://cdn.glitch.com/3c3ffadc-3406-4440-bb95-d40ec8fcde72%2FMargeSimpson.png?1497567512205,Right
Thank you. Come again.,Apu Nahasapeemapetilon,https://cdn.glitch.com/3c3ffadc-3406-4440-bb95-d40ec8fcde72%2FApuNahasapeemapetilon.png?1497567511629,Left
"Hello, Simpson. I'm riding the bus today becuase Mother hid my car keys to punish me for talking to a woman on the phone. She was right to do it.",Principal Skinner,https://cdn.glitch.com/3c3ffadc-3406-4440-bb95-d40ec8fcde72%2FSeymourSkinner.png?1497567511460,Right
When I look at people I don't see colors; I just see crackpot religions.,Chief Wiggum,https://cdn.glitch.com/3c3ffadc-3406-4440-bb95-d40ec8fcde72%2FChiefWiggum.png?1497567511716,Left
"Hi, Super Nintendo Chalmers!",Ralph Wiggum,https://cdn.glitch.com/3c3ffadc-3406-4440-bb95-d40ec8fcde72%2FRalphWiggum.png?1497567511523,Left
Eat my shorts,Bart Simpson,https://cdn.glitch.com/3c3ffadc-3406-4440-bb95-d40ec8fcde72%2FBartSimpson.png?1497567511638,Right
